date,lvl_sm,q_cms_s,lvl_mbs,q_mm_day
2011-01-01,118.0,,160.56,
2011-01-02,118.0,,160.56,
2011-01-03,118.0,,160.56,
2011-01-04,128.0,,160.66,
2011-01-05,156.0,,160.94,
2011-01-06,153.0,,160.91,
2011-01-07,141.0,,160.79,
2011-01-08,135.0,,160.73,
2011-01-09,131.0,,160.69,
2011-01-10,125.0,,160.63,
2011-01-11,119.0,,160.57,
2011-01-12,114.0,,160.51999999999998,
2011-01-13,113.0,,160.51,
2011-01-14,113.0,,160.51,
2011-01-15,115.0,,160.53,
2011-01-16,139.0,,160.76999999999998,
2011-01-17,159.0,,160.97,
2011-01-18,164.0,,161.01999999999998,
2011-01-19,163.0,,161.01,
2011-01-20,157.0,,160.95,
2011-01-21,144.0,,160.82,
2011-01-22,134.0,,160.72,
2011-01-23,130.0,,160.68,
2011-01-24,129.0,,160.67,
2011-01-25,130.0,,160.68,
2011-01-26,134.0,,160.72,
2011-01-27,138.0,,160.76,
2011-01-28,141.0,,160.79,
2011-01-29,133.0,,160.71,
2011-01-30,128.0,,160.66,
2011-01-31,124.0,,160.62,
2011-02-01,119.0,,160.57,
2011-02-02,112.0,,160.5,
2011-02-03,111.0,,160.49,
2011-02-04,111.0,,160.49,
2011-02-05,111.0,,160.49,
2011-02-06,111.0,,160.49,
2011-02-07,111.0,,160.49,
2011-02-08,112.0,,160.5,
2011-02-09,112.0,,160.5,
2011-02-10,112.0,,160.5,
2011-02-11,115.0,,160.53,
2011-02-12,121.0,,160.59,
2011-02-13,166.0,,161.04,
2011-02-14,166.0,,161.04,
2011-02-15,160.0,,160.98,
2011-02-16,157.0,,160.95,
2011-02-17,138.0,,160.76,
2011-02-18,138.0,,160.76,
2011-02-19,138.0,,160.76,
2011-02-20,137.0,,160.75,
2011-02-21,127.0,,160.65,
2011-02-22,127.0,,160.65,
2011-02-23,127.0,,160.65,
2011-02-24,127.0,,160.65,
2011-02-25,127.0,,160.65,
2011-02-26,127.0,,160.65,
2011-02-27,127.0,,160.65,
2011-02-28,139.0,,160.76999999999998,
2011-03-01,140.0,,160.78,
2011-03-02,141.0,,160.79,
2011-03-03,139.0,,160.76999999999998,
2011-03-04,140.0,,160.78,
2011-03-05,140.0,,160.78,
2011-03-06,140.0,,160.78,
2011-03-07,121.0,,160.59,
2011-03-08,109.0,,160.47,
2011-03-09,104.0,,160.42,
2011-03-10,128.0,,160.66,
2011-03-11,127.0,,160.65,
2011-03-12,126.0,,160.64,
2011-03-13,126.0,,160.64,
2011-03-14,125.0,,160.63,
2011-03-15,126.0,,160.64,
2011-03-16,127.0,,160.65,
2011-03-17,126.0,,160.64,
2011-03-18,126.0,,160.64,
2011-03-19,126.0,,160.64,
2011-03-20,126.0,,160.64,
2011-03-21,127.0,,160.65,
2011-03-22,127.0,,160.65,
2011-03-23,127.0,,160.65,
2011-03-24,128.0,,160.66,
2011-03-25,124.0,,160.62,
2011-03-26,120.0,,160.57999999999998,
2011-03-27,110.0,,160.48,
2011-03-28,107.0,,160.45,
2011-03-29,96.0,,160.34,
2011-03-30,86.0,,160.24,
2011-03-31,86.0,,160.24,
2011-04-01,86.0,,160.24,
2011-04-02,86.0,,160.24,
2011-04-03,88.0,,160.26,
2011-04-04,90.0,,160.28,
2011-04-05,90.0,,160.28,
2011-04-06,94.0,,160.32,
2011-04-07,93.0,,160.31,
2011-04-08,105.0,,160.43,
2011-04-09,123.0,,160.61,
2011-04-10,121.0,,160.59,
2011-04-11,125.0,,160.63,
2011-04-12,125.0,,160.63,
2011-04-13,121.0,,160.59,
2011-04-14,128.0,,160.66,
2011-04-15,123.0,,160.61,
2011-04-16,115.0,,160.53,
2011-04-17,110.0,,160.48,
2011-04-18,107.0,,160.45,
2011-04-19,102.0,,160.4,
2011-04-20,99.0,,160.37,
2011-04-21,96.0,,160.34,
2011-04-22,94.0,,160.32,
2011-04-23,94.0,,160.32,
2011-04-24,94.0,,160.32,
2011-04-25,93.0,,160.31,
2011-04-26,90.0,,160.28,
2011-04-27,88.0,,160.26,
2011-04-28,86.0,,160.24,
2011-04-29,85.0,,160.23,
2011-04-30,85.0,,160.23,
2011-05-01,85.0,,160.23,
2011-05-02,85.0,,160.23,
2011-05-03,85.0,,160.23,
2011-05-04,85.0,,160.23,
2011-05-05,85.0,,160.23,
2011-05-06,85.0,,160.23,
2011-05-07,85.0,,160.23,
2011-05-08,84.0,,160.22,
2011-05-09,83.0,,160.21,
2011-05-10,82.0,,160.2,
2011-05-11,82.0,,160.2,
2011-05-12,82.0,,160.2,
2011-05-13,82.0,,160.2,
2011-05-14,81.0,,160.19,
2011-05-15,81.0,,160.19,
2011-05-16,81.0,,160.19,
2011-05-17,81.0,,160.19,
2011-05-18,81.0,,160.19,
2011-05-19,81.0,,160.19,
2011-05-20,79.0,,160.17,
2011-05-21,80.0,,160.18,
2011-05-22,80.0,,160.18,
2011-05-23,80.0,,160.18,
2011-05-24,80.0,,160.18,
2011-05-25,81.0,,160.19,
2011-05-26,81.0,,160.19,
2011-05-27,81.0,,160.19,
2011-05-28,81.0,,160.19,
2011-05-29,81.0,,160.19,
2011-05-30,81.0,,160.19,
2011-05-31,81.0,,160.19,
2011-06-01,81.0,,160.19,
2011-06-02,82.0,,160.2,
2011-06-03,83.0,,160.21,
2011-06-04,84.0,,160.22,
2011-06-05,83.0,,160.21,
2011-06-06,84.0,,160.22,
2011-06-07,84.0,,160.22,
2011-06-08,84.0,,160.22,
2011-06-09,84.0,,160.22,
2011-06-10,84.0,,160.22,
2011-06-11,84.0,,160.22,
2011-06-12,84.0,,160.22,
2011-06-13,84.0,,160.22,
2011-06-14,85.0,,160.23,
2011-06-15,85.0,,160.23,
2011-06-16,86.0,,160.24,
2011-06-17,86.0,,160.24,
2011-06-18,86.0,,160.24,
2011-06-19,86.0,,160.24,
2011-06-20,86.0,,160.24,
2011-06-21,85.0,,160.23,
2011-06-22,86.0,,160.24,
2011-06-23,87.0,,160.25,
2011-06-24,87.0,,160.25,
2011-06-25,87.0,,160.25,
2011-06-26,87.0,,160.25,
2011-06-27,87.0,,160.25,
2011-06-28,87.0,,160.25,
2011-06-29,85.0,,160.23,
2011-06-30,84.0,,160.22,
2011-07-01,85.0,,160.23,
2011-07-02,85.0,,160.23,
2011-07-03,85.0,,160.23,
2011-07-04,85.0,,160.23,
2011-07-05,88.0,,160.26,
2011-07-06,87.0,,160.25,
2011-07-07,86.0,,160.24,
2011-07-08,86.0,,160.24,
2011-07-09,86.0,,160.24,
2011-07-10,85.0,,160.23,
2011-07-11,84.0,,160.22,
2011-07-12,84.0,,160.22,
2011-07-13,84.0,,160.22,
2011-07-14,84.0,,160.22,
2011-07-15,84.0,,160.22,
2011-07-16,83.0,,160.21,
2011-07-17,82.0,,160.2,
2011-07-18,81.0,,160.19,
2011-07-19,80.0,,160.18,
2011-07-20,80.0,,160.18,
2011-07-21,79.0,,160.17,
2011-07-22,79.0,,160.17,
2011-07-23,79.0,,160.17,
2011-07-24,79.0,,160.17,
2011-07-25,78.0,,160.16,
2011-07-26,78.0,,160.16,
2011-07-27,78.0,,160.16,
2011-07-28,78.0,,160.16,
2011-07-29,79.0,,160.17,
2011-07-30,79.0,,160.17,
2011-07-31,79.0,,160.17,
2011-08-01,79.0,,160.17,
2011-08-02,79.0,,160.17,
2011-08-03,79.0,,160.17,
2011-08-04,79.0,,160.17,
2011-08-05,79.0,,160.17,
2011-08-06,79.0,,160.17,
2011-08-07,79.0,,160.17,
2011-08-08,79.0,,160.17,
2011-08-09,79.0,,160.17,
2011-08-10,79.0,,160.17,
2011-08-11,77.0,,160.15,
2011-08-12,77.0,,160.15,
2011-08-13,77.0,,160.15,
2011-08-14,77.0,,160.15,
2011-08-15,77.0,,160.15,
2011-08-16,77.0,,160.15,
2011-08-17,77.0,,160.15,
2011-08-18,77.0,,160.15,
2011-08-19,77.0,,160.15,
2011-08-20,77.0,,160.15,
2011-08-21,79.0,,160.17,
2011-08-22,82.0,,160.2,
2011-08-23,82.0,,160.2,
2011-08-24,82.0,,160.2,
2011-08-25,82.0,,160.2,
2011-08-26,82.0,,160.2,
2011-08-27,82.0,,160.2,
2011-08-28,82.0,,160.2,
2011-08-29,82.0,,160.2,
2011-08-30,82.0,,160.2,
2011-08-31,84.0,,160.22,
2011-09-01,82.0,,160.2,
2011-09-02,82.0,,160.2,
2011-09-03,82.0,,160.2,
2011-09-04,82.0,,160.2,
2011-09-05,82.0,,160.2,
2011-09-06,82.0,,160.2,
2011-09-07,83.0,,160.21,
2011-09-08,83.0,,160.21,
2011-09-09,83.0,,160.21,
2011-09-10,83.0,,160.21,
2011-09-11,85.0,,160.23,
2011-09-12,86.0,,160.24,
2011-09-13,86.0,,160.24,
2011-09-14,86.0,,160.24,
2011-09-15,85.0,,160.23,
2011-09-16,85.0,,160.23,
2011-09-17,85.0,,160.23,
2011-09-18,85.0,,160.23,
2011-09-19,85.0,,160.23,
2011-09-20,85.0,,160.23,
2011-09-21,86.0,,160.24,
2011-09-22,86.0,,160.24,
2011-09-23,86.0,,160.24,
2011-09-24,86.0,,160.24,
2011-09-25,86.0,,160.24,
2011-09-26,87.0,,160.25,
2011-09-27,87.0,,160.25,
2011-09-28,87.0,,160.25,
2011-09-29,87.0,,160.25,
2011-09-30,86.0,,160.24,
2011-10-01,82.0,,160.2,
2011-10-02,82.0,,160.2,
2011-10-03,82.0,,160.2,
2011-10-04,82.0,,160.2,
2011-10-05,82.0,,160.2,
2011-10-06,82.0,,160.2,
2011-10-07,82.0,,160.2,
2011-10-08,82.0,,160.2,
2011-10-09,83.0,,160.21,
2011-10-10,83.0,,160.21,
2011-10-11,83.0,,160.21,
2011-10-12,81.0,,160.19,
2011-10-13,82.0,,160.2,
2011-10-14,83.0,,160.21,
2011-10-15,83.0,,160.21,
2011-10-16,83.0,,160.21,
2011-10-17,83.0,,160.21,
2011-10-18,83.0,,160.21,
2011-10-19,84.0,,160.22,
2011-10-20,84.0,,160.22,
2011-10-21,94.0,,160.32,
2011-10-22,95.0,,160.32999999999998,
2011-10-23,97.0,,160.35,
2011-10-24,98.0,,160.36,
2011-10-25,99.0,,160.37,
2011-10-26,100.0,,160.38,
2011-10-27,101.0,,160.39,
2011-10-28,101.0,,160.39,
2011-10-29,101.0,,160.39,
2011-10-30,112.0,,160.5,
2011-10-31,113.0,,160.51,
2011-11-01,113.0,,160.51,
2011-11-02,113.0,,160.51,
2011-11-03,112.0,,160.5,
2011-11-04,112.0,,160.5,
2011-11-05,112.0,,160.5,
2011-11-06,112.0,,160.5,
2011-11-07,111.0,,160.49,
2011-11-08,111.0,,160.49,
2011-11-09,120.0,,160.57999999999998,
2011-11-10,120.0,,160.57999999999998,
2011-11-11,120.0,,160.57999999999998,
2011-11-12,119.0,,160.57,
2011-11-13,119.0,,160.57,
2011-11-14,119.0,,160.57,
2011-11-15,120.0,,160.57999999999998,
2011-11-16,119.0,,160.57,
2011-11-17,119.0,,160.57,
2011-11-18,119.0,,160.57,
2011-11-19,119.0,,160.57,
2011-11-20,119.0,,160.57,
2011-11-21,119.0,,160.57,
2011-11-22,120.0,,160.57999999999998,
2011-11-23,163.0,,161.01,
2011-11-24,163.0,,161.01,
2011-11-25,151.0,,160.89,
2011-11-26,144.0,,160.82,
2011-11-27,139.0,,160.76999999999998,
2011-11-28,126.0,,160.64,
2011-11-29,119.0,,160.57,
2011-11-30,119.0,,160.57,
2011-12-01,119.0,,160.57,
2011-12-02,119.0,,160.57,
2011-12-03,119.0,,160.57,
2011-12-04,119.0,,160.57,
2011-12-05,119.0,,160.57,
2011-12-06,118.0,,160.56,
2011-12-07,118.0,,160.56,
2011-12-08,116.0,,160.54,
2011-12-09,116.0,,160.54,
2011-12-10,116.0,,160.54,
2011-12-11,117.0,,160.54999999999998,
2011-12-12,116.0,,160.54,
2011-12-13,116.0,,160.54,
2011-12-14,116.0,,160.54,
2011-12-15,117.0,,160.54999999999998,
2011-12-16,117.0,,160.54999999999998,
2011-12-17,117.0,,160.54999999999998,
2011-12-18,116.0,,160.54,
2011-12-19,116.0,,160.54,
2011-12-20,116.0,,160.54,
2011-12-21,116.0,,160.54,
2011-12-22,116.0,,160.54,
2011-12-23,116.0,,160.54,
2011-12-24,115.0,,160.53,
2011-12-25,114.0,,160.51999999999998,
2011-12-26,110.0,,160.48,
2011-12-27,115.0,,160.53,
2011-12-28,117.0,,160.54999999999998,
2011-12-29,117.0,,160.54999999999998,
2011-12-30,85.0,,160.23,
2011-12-31,85.0,,160.23,
2012-01-01,85.0,,160.23,
2012-01-02,85.0,,160.23,
2012-01-03,85.0,,160.23,
2012-01-04,85.0,,160.23,
2012-01-05,86.0,,160.24,
2012-01-06,87.0,,160.25,
2012-01-07,88.0,,160.26,
2012-01-08,88.0,,160.26,
2012-01-09,89.0,,160.26999999999998,
2012-01-10,88.0,,160.26,
2012-01-11,87.0,,160.25,
2012-01-12,80.0,,160.18,
2012-01-13,88.0,,160.26,
2012-01-14,94.0,,160.32,
2012-01-15,93.0,,160.31,
2012-01-16,93.0,,160.31,
2012-01-17,92.0,,160.29999999999998,
2012-01-18,92.0,,160.29999999999998,
2012-01-19,99.0,,160.37,
2012-01-20,99.0,,160.37,
2012-01-21,99.0,,160.37,
2012-01-22,148.0,,160.86,
2012-01-23,150.0,,160.88,
2012-01-24,143.0,,160.81,
2012-01-25,132.0,,160.7,
2012-01-26,123.0,,160.61,
2012-01-27,118.0,,160.56,
2012-01-28,118.0,,160.56,
2012-01-29,119.0,,160.57,
2012-01-30,120.0,,160.57999999999998,
2012-01-31,120.0,,160.57999999999998,
2012-02-01,121.0,,160.59,
2012-02-02,124.0,,160.62,
2012-02-03,124.0,,160.62,
2012-02-04,124.0,,160.62,
2012-02-05,124.0,,160.62,
2012-02-06,124.0,,160.62,
2012-02-07,124.0,,160.62,
2012-02-08,124.0,,160.62,
2012-02-09,124.0,,160.62,
2012-02-10,124.0,,160.62,
2012-02-11,124.0,,160.62,
2012-02-12,124.0,,160.62,
2012-02-13,124.0,,160.62,
2012-02-14,124.0,,160.62,
2012-02-15,124.0,,160.62,
2012-02-16,126.0,,160.64,
2012-02-17,127.0,,160.65,
2012-02-18,128.0,,160.66,
2012-02-19,129.0,,160.67,
2012-02-20,130.0,,160.68,
2012-02-21,129.0,,160.67,
2012-02-22,128.0,,160.66,
2012-02-23,128.0,,160.66,
2012-02-24,127.0,,160.65,
2012-02-25,126.0,,160.64,
2012-02-26,124.0,,160.62,
2012-02-27,122.0,,160.6,
2012-02-28,112.0,,160.5,
2012-02-29,103.0,,160.41,
2012-03-01,89.0,,160.26999999999998,
2012-03-02,90.0,,160.28,
2012-03-03,89.0,,160.26999999999998,
2012-03-04,88.0,,160.26,
2012-03-05,87.0,,160.25,
2012-03-06,91.0,,160.29,
2012-03-07,103.0,,160.41,
2012-03-08,113.0,,160.51,
2012-03-09,108.0,,160.46,
2012-03-10,104.0,,160.42,
2012-03-11,106.0,,160.44,
2012-03-12,110.0,,160.48,
2012-03-13,110.0,,160.48,
2012-03-14,110.0,,160.48,
2012-03-15,110.0,,160.48,
2012-03-16,110.0,,160.48,
2012-03-17,110.0,,160.48,
2012-03-18,110.0,,160.48,
2012-03-19,110.0,,160.48,
2012-03-20,111.0,,160.49,
2012-03-21,111.0,,160.49,
2012-03-22,104.0,,160.42,
2012-03-23,100.0,,160.38,
2012-03-24,101.0,,160.39,
2012-03-25,99.0,,160.37,
2012-03-26,100.0,,160.38,
2012-03-27,99.0,,160.37,
2012-03-28,100.0,,160.38,
2012-03-29,100.0,,160.38,
2012-03-30,99.0,,160.37,
2012-03-31,94.0,,160.32,
2012-04-01,92.0,,160.29999999999998,
2012-04-02,91.0,,160.29,
2012-04-03,90.0,,160.28,
2012-04-04,90.0,,160.28,
2012-04-05,91.0,,160.29,
2012-04-06,92.0,,160.29999999999998,
2012-04-07,93.0,,160.31,
2012-04-08,141.0,,160.79,
2012-04-09,169.0,,161.07,
2012-04-10,181.0,,161.19,
2012-04-11,208.0,,161.46,
2012-04-12,224.0,,161.62,
2012-04-13,315.0,,162.53,
2012-04-14,498.0,,164.36,
2012-04-15,550.0,,164.88,
2012-04-16,517.0,,164.54999999999998,
2012-04-17,317.0,,162.54999999999998,
2012-04-18,180.0,,161.18,
2012-04-19,153.0,,160.91,
2012-04-20,146.0,,160.84,
2012-04-21,160.0,,160.98,
2012-04-22,162.0,,161.0,
2012-04-23,160.0,,160.98,
2012-04-24,164.0,,161.01999999999998,
2012-04-25,163.0,,161.01,
2012-04-26,160.0,,160.98,
2012-04-27,156.0,,160.94,
2012-04-28,153.0,,160.91,
2012-04-29,151.0,,160.89,
2012-04-30,148.0,,160.86,
2012-05-01,145.0,,160.82999999999998,
2012-05-02,143.0,,160.81,
2012-05-03,142.0,,160.79999999999998,
2012-05-04,141.0,,160.79,
2012-05-05,140.0,,160.78,
2012-05-06,140.0,,160.78,
2012-05-07,140.0,,160.78,
2012-05-08,140.0,,160.78,
2012-05-09,139.0,,160.76999999999998,
2012-05-10,139.0,,160.76999999999998,
2012-05-11,138.0,,160.76,
2012-05-12,137.0,,160.75,
2012-05-13,137.0,,160.75,
2012-05-14,136.0,,160.74,
2012-05-15,135.0,,160.73,
2012-05-16,134.0,,160.72,
2012-05-17,133.0,,160.71,
2012-05-18,134.0,,160.72,
2012-05-19,134.0,,160.72,
2012-05-20,134.0,,160.72,
2012-05-21,134.0,,160.72,
2012-05-22,134.0,,160.72,
2012-05-23,132.0,,160.7,
2012-05-24,124.0,,160.62,
2012-05-25,124.0,,160.62,
2012-05-26,95.0,,160.32999999999998,
2012-05-27,87.0,,160.25,
2012-05-28,87.0,,160.25,
2012-05-29,86.0,,160.24,
2012-05-30,86.0,,160.24,
2012-05-31,86.0,,160.24,
2012-06-01,87.0,,160.25,
2012-06-02,87.0,,160.25,
2012-06-03,87.0,,160.25,
2012-06-04,87.0,,160.25,
2012-06-05,87.0,,160.25,
2012-06-06,88.0,,160.26,
2012-06-07,88.0,,160.26,
2012-06-08,88.0,,160.26,
2012-06-09,91.0,,160.29,
2012-06-10,93.0,,160.31,
2012-06-11,93.0,,160.31,
2012-06-12,94.0,,160.32,
2012-06-13,95.0,,160.32999999999998,
2012-06-14,97.0,,160.35,
2012-06-15,98.0,,160.36,
2012-06-16,100.0,,160.38,
2012-06-17,101.0,,160.39,
2012-06-18,102.0,,160.4,
2012-06-19,103.0,,160.41,
2012-06-20,102.0,,160.4,
2012-06-21,103.0,,160.41,
2012-06-22,104.0,,160.42,
2012-06-23,107.0,,160.45,
2012-06-24,108.0,,160.46,
2012-06-25,108.0,,160.46,
2012-06-26,108.0,,160.46,
2012-06-27,108.0,,160.46,
2012-06-28,108.0,,160.46,
2012-06-29,108.0,,160.46,
2012-06-30,108.0,,160.46,
2012-07-01,108.0,,160.46,
2012-07-02,110.0,,160.48,
2012-07-03,113.0,,160.51,
2012-07-04,117.0,,160.54999999999998,
2012-07-05,118.0,,160.56,
2012-07-06,116.0,,160.54,
2012-07-07,115.0,,160.53,
2012-07-08,113.0,,160.51,
2012-07-09,110.0,,160.48,
2012-07-10,108.0,,160.46,
2012-07-11,107.0,,160.45,
2012-07-12,108.0,,160.46,
2012-07-13,108.0,,160.46,
2012-07-14,108.0,,160.46,
2012-07-15,109.0,,160.47,
2012-07-16,108.0,,160.46,
2012-07-17,108.0,,160.46,
2012-07-18,108.0,,160.46,
2012-07-19,108.0,,160.46,
2012-07-20,108.0,,160.46,
2012-07-21,108.0,,160.46,
2012-07-22,108.0,,160.46,
2012-07-23,108.0,,160.46,
2012-07-24,109.0,,160.47,
2012-07-25,108.0,,160.46,
2012-07-26,108.0,,160.46,
2012-07-27,109.0,,160.47,
2012-07-28,110.0,,160.48,
2012-07-29,111.0,,160.49,
2012-07-30,110.0,,160.48,
2012-07-31,108.0,,160.46,
2012-08-01,108.0,,160.46,
2012-08-02,107.0,,160.45,
2012-08-03,107.0,,160.45,
2012-08-04,106.0,,160.44,
2012-08-05,106.0,,160.44,
2012-08-06,105.0,,160.43,
2012-08-07,104.0,,160.42,
2012-08-08,103.0,,160.41,
2012-08-09,101.0,,160.39,
2012-08-10,99.0,,160.37,
2012-08-11,98.0,,160.36,
2012-08-12,99.0,,160.37,
2012-08-13,98.0,,160.36,
2012-08-14,97.0,,160.35,
2012-08-15,97.0,,160.35,
2012-08-16,98.0,,160.36,
2012-08-17,97.0,,160.35,
2012-08-18,97.0,,160.35,
2012-08-19,97.0,,160.35,
2012-08-20,97.0,,160.35,
2012-08-21,96.0,,160.34,
2012-08-22,96.0,,160.34,
2012-08-23,96.0,,160.34,
2012-08-24,96.0,,160.34,
2012-08-25,95.0,,160.32999999999998,
2012-08-26,96.0,,160.34,
2012-08-27,96.0,,160.34,
2012-08-28,96.0,,160.34,
2012-08-29,96.0,,160.34,
2012-08-30,96.0,,160.34,
2012-08-31,96.0,,160.34,
2012-09-01,99.0,,160.37,
2012-09-02,98.0,,160.36,
2012-09-03,97.0,,160.35,
2012-09-04,96.0,,160.34,
2012-09-05,95.0,,160.32999999999998,
2012-09-06,95.0,,160.32999999999998,
2012-09-07,96.0,,160.34,
2012-09-08,96.0,,160.34,
2012-09-09,96.0,,160.34,
2012-09-10,95.0,,160.32999999999998,
2012-09-11,95.0,,160.32999999999998,
2012-09-12,93.0,,160.31,
2012-09-13,93.0,,160.31,
2012-09-14,94.0,,160.32,
2012-09-15,93.0,,160.31,
2012-09-16,93.0,,160.31,
2012-09-17,93.0,,160.31,
2012-09-18,93.0,,160.31,
2012-09-19,93.0,,160.31,
2012-09-20,93.0,,160.31,
2012-09-21,92.0,,160.29999999999998,
2012-09-22,91.0,,160.29,
2012-09-23,90.0,,160.28,
2012-09-24,89.0,,160.26999999999998,
2012-09-25,88.0,,160.26,
2012-09-26,88.0,,160.26,
2012-09-27,88.0,,160.26,
2012-09-28,88.0,,160.26,
2012-09-29,88.0,,160.26,
2012-09-30,88.0,,160.26,
2012-10-01,89.0,,160.26999999999998,
2012-10-02,89.0,,160.26999999999998,
2012-10-03,89.0,,160.26999999999998,
2012-10-04,89.0,,160.26999999999998,
2012-10-05,90.0,,160.28,
2012-10-06,91.0,,160.29,
2012-10-07,92.0,,160.29999999999998,
2012-10-08,91.0,,160.29,
2012-10-09,91.0,,160.29,
2012-10-10,90.0,,160.28,
2012-10-11,89.0,,160.26999999999998,
2012-10-12,90.0,,160.28,
2012-10-13,90.0,,160.28,
2012-10-14,90.0,,160.28,
2012-10-15,90.0,,160.28,
2012-10-16,89.0,,160.26999999999998,
2012-10-17,89.0,,160.26999999999998,
2012-10-18,89.0,,160.26999999999998,
2012-10-19,89.0,,160.26999999999998,
2012-10-20,88.0,,160.26,
2012-10-21,88.0,,160.26,
2012-10-22,87.0,,160.25,
2012-10-23,86.0,,160.24,
2012-10-24,85.0,,160.23,
2012-10-25,85.0,,160.23,
2012-10-26,85.0,,160.23,
2012-10-27,85.0,,160.23,
2012-10-28,86.0,,160.24,
2012-10-29,86.0,,160.24,
2012-10-30,88.0,,160.26,
2012-10-31,89.0,,160.26999999999998,
2012-11-01,89.0,,160.26999999999998,
2012-11-02,117.0,,160.54999999999998,
2012-11-03,117.0,,160.54999999999998,
2012-11-04,117.0,,160.54999999999998,
2012-11-05,117.0,,160.54999999999998,
2012-11-06,117.0,,160.54999999999998,
2012-11-07,119.0,,160.57,
2012-11-08,118.0,,160.56,
2012-11-09,117.0,,160.54999999999998,
2012-11-10,118.0,,160.56,
2012-11-11,125.0,,160.63,
2012-11-12,124.0,,160.62,
2012-11-13,124.0,,160.62,
2012-11-14,123.0,,160.61,
2012-11-15,123.0,,160.61,
2012-11-16,135.0,,160.73,
2012-11-17,134.0,,160.72,
2012-11-18,134.0,,160.72,
2012-11-19,134.0,,160.72,
2012-11-20,134.0,,160.72,
2012-11-21,134.0,,160.72,
2012-11-22,134.0,,160.72,
2012-11-23,134.0,,160.72,
2012-11-24,133.0,,160.71,
2012-11-25,133.0,,160.71,
2012-11-26,132.0,,160.7,
2012-11-27,132.0,,160.7,
2012-11-28,131.0,,160.69,
2012-11-29,131.0,,160.69,
2012-11-30,131.0,,160.69,
2012-12-01,131.0,,160.69,
2012-12-02,132.0,,160.7,
2012-12-03,132.0,,160.7,
2012-12-04,132.0,,160.7,
2012-12-05,135.0,,160.73,
2012-12-06,138.0,,160.76,
2012-12-07,137.0,,160.75,
2012-12-08,136.0,,160.74,
2012-12-09,135.0,,160.73,
2012-12-10,133.0,,160.71,
2012-12-11,131.0,,160.69,
2012-12-12,166.0,,161.04,
2012-12-13,187.0,,161.25,
2012-12-14,186.0,,161.24,
2012-12-15,182.0,,161.2,
2012-12-16,180.0,,161.18,
2012-12-17,178.0,,161.16,
2012-12-18,174.0,,161.12,
2012-12-19,172.0,,161.1,
2012-12-20,169.0,,161.07,
2012-12-21,166.0,,161.04,
2012-12-22,162.0,,161.0,
2012-12-23,160.0,,160.98,
2012-12-24,157.0,,160.95,
2012-12-25,154.0,,160.92,
2012-12-26,151.0,,160.89,
2012-12-27,148.0,,160.86,
2012-12-28,145.0,,160.82999999999998,
2012-12-29,142.0,,160.79999999999998,
2012-12-30,140.0,,160.78,
2012-12-31,138.0,,160.76,
2013-01-01,134.0,,160.72,
2013-01-02,126.0,,160.64,
2013-01-03,112.0,,160.5,
2013-01-04,106.0,,160.44,
2013-01-05,106.0,,160.44,
2013-01-06,106.0,,160.44,
2013-01-07,106.0,,160.44,
2013-01-08,106.0,,160.44,
2013-01-09,105.0,,160.43,
2013-01-10,102.0,,160.4,
2013-01-11,99.0,,160.37,
2013-01-12,95.0,,160.32999999999998,
2013-01-13,93.0,,160.31,
2013-01-14,91.0,,160.29,
2013-01-15,90.0,,160.28,
2013-01-16,89.0,,160.26999999999998,
2013-01-17,88.0,,160.26,
2013-01-18,88.0,,160.26,
2013-01-19,89.0,,160.26999999999998,
2013-01-20,90.0,,160.28,
2013-01-21,101.0,,160.39,
2013-01-22,109.0,,160.47,
2013-01-23,109.0,,160.47,
2013-01-24,128.0,,160.66,
2013-01-25,135.0,,160.73,
2013-01-26,138.0,,160.76,
2013-01-27,131.0,,160.69,
2013-01-28,119.0,,160.57,
2013-01-29,112.0,,160.5,
2013-01-30,106.0,,160.44,
2013-01-31,112.0,,160.5,
2013-02-01,110.0,,160.48,
2013-02-02,113.0,,160.51,
2013-02-03,110.0,,160.48,
2013-02-04,110.0,,160.48,
2013-02-05,110.0,,160.48,
2013-02-06,135.0,,160.73,
2013-02-07,135.0,,160.73,
2013-02-08,134.0,,160.72,
2013-02-09,131.0,,160.69,
2013-02-10,130.0,,160.68,
2013-02-11,130.0,,160.68,
2013-02-12,130.0,,160.68,
2013-02-13,131.0,,160.69,
2013-02-14,133.0,,160.71,
2013-02-15,134.0,,160.72,
2013-02-16,134.0,,160.72,
2013-02-17,135.0,,160.73,
2013-02-18,135.0,,160.73,
2013-02-19,134.0,,160.72,
2013-02-20,134.0,,160.72,
2013-02-21,134.0,,160.72,
2013-02-22,134.0,,160.72,
2013-02-23,134.0,,160.72,
2013-02-24,134.0,,160.72,
2013-02-25,133.0,,160.71,
2013-02-26,133.0,,160.71,
2013-02-27,134.0,,160.72,
2013-02-28,134.0,,160.72,
2013-03-01,134.0,,160.72,
2013-03-02,134.0,,160.72,
2013-03-03,133.0,,160.71,
2013-03-04,133.0,,160.71,
2013-03-05,133.0,,160.71,
2013-03-06,133.0,,160.71,
2013-03-07,134.0,,160.72,
2013-03-08,134.0,,160.72,
2013-03-09,133.0,,160.71,
2013-03-10,133.0,,160.71,
2013-03-11,132.0,,160.7,
2013-03-12,132.0,,160.7,
2013-03-13,132.0,,160.7,
2013-03-14,132.0,,160.7,
2013-03-15,136.0,,160.74,
2013-03-16,146.0,,160.84,
2013-03-17,148.0,,160.86,
2013-03-18,147.0,,160.85,
2013-03-19,146.0,,160.84,
2013-03-20,145.0,,160.82999999999998,
2013-03-21,144.0,,160.82,
2013-03-22,143.0,,160.81,
2013-03-23,143.0,,160.81,
2013-03-24,143.0,,160.81,
2013-03-25,143.0,,160.81,
2013-03-26,144.0,,160.82,
2013-03-27,145.0,,160.82999999999998,
2013-03-28,148.0,,160.86,
2013-03-29,173.0,,161.11,
2013-03-30,142.0,,160.79999999999998,
2013-03-31,117.0,,160.54999999999998,
2013-04-01,115.0,,160.53,
2013-04-02,168.0,,161.06,
2013-04-03,202.0,,161.4,
2013-04-04,239.0,,161.76999999999998,
2013-04-05,237.0,,161.75,
2013-04-06,297.0,,162.35,
2013-04-07,321.0,,162.59,
2013-04-08,302.0,,162.4,
2013-04-09,226.0,,161.64,
2013-04-10,187.0,,161.25,
2013-04-11,194.0,,161.32,
2013-04-12,192.0,,161.29999999999998,
2013-04-13,201.0,,161.39,
2013-04-14,208.0,,161.46,
2013-04-15,204.0,,161.42,
2013-04-16,174.0,,161.12,
2013-04-17,156.0,,160.94,
2013-04-18,142.0,,160.79999999999998,
2013-04-19,135.0,,160.73,
2013-04-20,126.0,,160.64,
2013-04-21,124.0,,160.62,
2013-04-22,120.0,,160.57999999999998,
2013-04-23,115.0,,160.53,
2013-04-24,109.0,,160.47,
2013-04-25,109.0,,160.47,
2013-04-26,109.0,,160.47,
2013-04-27,108.0,,160.46,
2013-04-28,108.0,,160.46,
2013-04-29,115.0,,160.53,
2013-04-30,112.0,,160.5,
2013-05-01,110.0,,160.48,
2013-05-02,108.0,,160.46,
2013-05-03,106.0,,160.44,
2013-05-04,107.0,,160.45,
2013-05-05,122.0,,160.6,
2013-05-06,114.0,,160.51999999999998,
2013-05-07,110.0,,160.48,
2013-05-08,110.0,,160.48,
2013-05-09,110.0,,160.48,
2013-05-10,110.0,,160.48,
2013-05-11,109.0,,160.47,
2013-05-12,109.0,,160.47,
2013-05-13,109.0,,160.47,
2013-05-14,109.0,,160.47,
2013-05-15,109.0,,160.47,
2013-05-16,108.0,,160.46,
2013-05-17,108.0,,160.46,
2013-05-18,108.0,,160.46,
2013-05-19,110.0,,160.48,
2013-05-20,114.0,,160.51999999999998,
2013-05-21,121.0,,160.59,
2013-05-22,124.0,,160.62,
2013-05-23,130.0,,160.68,
2013-05-24,134.0,,160.72,
2013-05-25,136.0,,160.74,
2013-05-26,147.0,,160.85,
2013-05-27,154.0,,160.92,
2013-05-28,159.0,,160.97,
2013-05-29,176.0,,161.14,
2013-05-30,199.0,,161.37,
2013-05-31,194.0,,161.32,
2013-06-01,180.0,,161.18,
2013-06-02,176.0,,161.14,
2013-06-03,173.0,,161.11,
2013-06-04,170.0,,161.07999999999998,
2013-06-05,170.0,,161.07999999999998,
2013-06-06,169.0,,161.07,
2013-06-07,168.0,,161.06,
2013-06-08,169.0,,161.07,
2013-06-09,170.0,,161.07999999999998,
2013-06-10,171.0,,161.09,
2013-06-11,172.0,,161.1,
2013-06-12,172.0,,161.1,
2013-06-13,172.0,,161.1,
2013-06-14,172.0,,161.1,
2013-06-15,170.0,,161.07999999999998,
2013-06-16,167.0,,161.04999999999998,
2013-06-17,161.0,,160.99,
2013-06-18,157.0,,160.95,
2013-06-19,152.0,,160.9,
2013-06-20,151.0,,160.89,
2013-06-21,149.0,,160.87,
2013-06-22,147.0,,160.85,
2013-06-23,146.0,,160.84,
2013-06-24,143.0,,160.81,
2013-06-25,141.0,,160.79,
2013-06-26,141.0,,160.79,
2013-06-27,143.0,,160.81,
2013-06-28,141.0,,160.79,
2013-06-29,141.0,,160.79,
2013-06-30,142.0,,160.79999999999998,
2013-07-01,143.0,,160.81,
2013-07-02,143.0,,160.81,
2013-07-03,142.0,,160.79999999999998,
2013-07-04,141.0,,160.79,
2013-07-05,140.0,,160.78,
2013-07-06,139.0,,160.76999999999998,
2013-07-07,138.0,,160.76,
2013-07-08,137.0,,160.75,
2013-07-09,135.0,,160.73,
2013-07-10,133.0,,160.71,
2013-07-11,132.0,,160.7,
2013-07-12,131.0,,160.69,
2013-07-13,128.0,,160.66,
2013-07-14,128.0,,160.66,
2013-07-15,129.0,,160.67,
2013-07-16,130.0,,160.68,
2013-07-17,130.0,,160.68,
2013-07-18,121.0,,160.59,
2013-07-19,119.0,,160.57,
2013-07-20,118.0,,160.56,
2013-07-21,120.0,,160.57999999999998,
2013-07-22,125.0,,160.63,
2013-07-23,123.0,,160.61,
2013-07-24,122.0,,160.6,
2013-07-25,120.0,,160.57999999999998,
2013-07-26,119.0,,160.57,
2013-07-27,118.0,,160.56,
2013-07-28,117.0,,160.54999999999998,
2013-07-29,116.0,,160.54,
2013-07-30,115.0,,160.53,
2013-07-31,115.0,,160.53,
2013-08-01,114.0,,160.51999999999998,
2013-08-02,113.0,,160.51,
2013-08-03,112.0,,160.5,
2013-08-04,112.0,,160.5,
2013-08-05,112.0,,160.5,
2013-08-06,111.0,,160.49,
2013-08-07,111.0,,160.49,
2013-08-08,110.0,,160.48,
2013-08-09,109.0,,160.47,
2013-08-10,109.0,,160.47,
2013-08-11,109.0,,160.47,
2013-08-12,108.0,,160.46,
2013-08-13,108.0,,160.46,
2013-08-14,108.0,,160.46,
2013-08-15,107.0,,160.45,
2013-08-16,109.0,,160.47,
2013-08-17,107.0,,160.45,
2013-08-18,107.0,,160.45,
2013-08-19,107.0,,160.45,
2013-08-20,107.0,,160.45,
2013-08-21,106.0,,160.44,
2013-08-22,106.0,,160.44,
2013-08-23,106.0,,160.44,
2013-08-24,106.0,,160.44,
2013-08-25,105.0,,160.43,
2013-08-26,106.0,,160.44,
2013-08-27,106.0,,160.44,
2013-08-28,106.0,,160.44,
2013-08-29,106.0,,160.44,
2013-08-30,106.0,,160.44,
2013-08-31,106.0,,160.44,
2013-09-01,106.0,,160.44,
2013-09-02,107.0,,160.45,
2013-09-03,106.0,,160.44,
2013-09-04,106.0,,160.44,
2013-09-05,108.0,,160.46,
2013-09-06,113.0,,160.51,
2013-09-07,113.0,,160.51,
2013-09-08,112.0,,160.5,
2013-09-09,110.0,,160.48,
2013-09-10,95.0,,160.32999999999998,
2013-09-11,88.0,,160.26,
2013-09-12,88.0,,160.26,
2013-09-13,86.0,,160.24,
2013-09-14,87.0,,160.25,
2013-09-15,90.0,,160.28,
2013-09-16,95.0,,160.32999999999998,
2013-09-17,103.0,,160.41,
2013-09-18,106.0,,160.44,
2013-09-19,107.0,,160.45,
2013-09-20,109.0,,160.47,
2013-09-21,111.0,,160.49,
2013-09-22,112.0,,160.5,
2013-09-23,112.0,,160.5,
2013-09-24,145.0,,160.82999999999998,
2013-09-25,144.0,,160.82,
2013-09-26,142.0,,160.79999999999998,
2013-09-27,137.0,,160.75,
2013-09-28,134.0,,160.72,
2013-09-29,137.0,,160.75,
2013-09-30,136.0,,160.74,
2013-10-01,135.0,,160.73,
2013-10-02,134.0,,160.72,
2013-10-03,133.0,,160.71,
2013-10-04,133.0,,160.71,
2013-10-05,132.0,,160.7,
2013-10-06,132.0,,160.7,
2013-10-07,131.0,,160.69,
2013-10-08,131.0,,160.69,
2013-10-09,131.0,,160.69,
2013-10-10,131.0,,160.69,
2013-10-11,131.0,,160.69,
2013-10-12,131.0,,160.69,
2013-10-13,131.0,,160.69,
2013-10-14,132.0,,160.7,
2013-10-15,131.0,,160.69,
2013-10-16,131.0,,160.69,
2013-10-17,132.0,,160.7,
2013-10-18,133.0,,160.71,
2013-10-19,134.0,,160.72,
2013-10-20,133.0,,160.71,
2013-10-21,132.0,,160.7,
2013-10-22,131.0,,160.69,
2013-10-23,131.0,,160.69,
2013-10-24,131.0,,160.69,
2013-10-25,131.0,,160.69,
2013-10-26,130.0,,160.68,
2013-10-27,131.0,,160.69,
2013-10-28,132.0,,160.7,
2013-10-29,131.0,,160.69,
2013-10-30,131.0,,160.69,
2013-10-31,132.0,,160.7,
2013-11-01,132.0,,160.7,
2013-11-02,132.0,,160.7,
2013-11-03,132.0,,160.7,
2013-11-04,132.0,,160.7,
2013-11-05,132.0,,160.7,
2013-11-06,132.0,,160.7,
2013-11-07,132.0,,160.7,
2013-11-08,138.0,,160.76,
2013-11-09,136.0,,160.74,
2013-11-10,100.0,,160.38,
2013-11-11,99.0,,160.37,
2013-11-12,98.0,,160.36,
2013-11-13,97.0,,160.35,
2013-11-14,97.0,,160.35,
2013-11-15,131.0,,160.69,
2013-11-16,131.0,,160.69,
2013-11-17,131.0,,160.69,
2013-11-18,131.0,,160.69,
2013-11-19,131.0,,160.69,
2013-11-20,131.0,,160.69,
2013-11-21,131.0,,160.69,
2013-11-22,131.0,,160.69,
2013-11-23,130.0,,160.68,
2013-11-24,131.0,,160.69,
2013-11-25,131.0,,160.69,
2013-11-26,131.0,,160.69,
2013-11-27,131.0,,160.69,
2013-11-28,131.0,,160.69,
2013-11-29,131.0,,160.69,
2013-11-30,131.0,,160.69,
2013-12-01,131.0,,160.69,
2013-12-02,131.0,,160.69,
2013-12-03,131.0,,160.69,
2013-12-04,131.0,,160.69,
2013-12-05,131.0,,160.69,
2013-12-06,131.0,,160.69,
2013-12-07,131.0,,160.69,
2013-12-08,131.0,,160.69,
2013-12-09,130.0,,160.68,
2013-12-10,127.0,,160.65,
2013-12-11,156.0,,160.94,
2013-12-12,157.0,,160.95,
2013-12-13,150.0,,160.88,
2013-12-14,135.0,,160.73,
2013-12-15,134.0,,160.72,
2013-12-16,132.0,,160.7,
2013-12-17,130.0,,160.68,
2013-12-18,130.0,,160.68,
2013-12-19,130.0,,160.68,
2013-12-20,129.0,,160.67,
2013-12-21,128.0,,160.66,
2013-12-22,128.0,,160.66,
2013-12-23,128.0,,160.66,
2013-12-24,128.0,,160.66,
2013-12-25,128.0,,160.66,
2013-12-26,128.0,,160.66,
2013-12-27,128.0,,160.66,
2013-12-28,128.0,,160.66,
2013-12-29,128.0,,160.66,
2013-12-30,128.0,,160.66,
2013-12-31,127.0,,160.65,
2014-01-01,126.0,,160.64,
2014-01-02,116.0,,160.54,
2014-01-03,107.0,,160.45,
2014-01-04,101.0,,160.39,
2014-01-05,98.0,,160.36,
2014-01-06,97.0,,160.35,
2014-01-07,95.0,,160.32999999999998,
2014-01-08,95.0,,160.32999999999998,
2014-01-09,103.0,,160.41,
2014-01-10,129.0,,160.67,
2014-01-11,132.0,,160.7,
2014-01-12,133.0,,160.71,
2014-01-13,131.0,,160.69,
2014-01-14,136.0,,160.74,
2014-01-15,139.0,,160.76999999999998,
2014-01-16,140.0,,160.78,
2014-01-17,140.0,,160.78,
2014-01-18,168.0,,161.06,
2014-01-19,161.0,,160.99,
2014-01-20,151.0,,160.89,
2014-01-21,150.0,,160.88,
2014-01-22,146.0,,160.84,
2014-01-23,145.0,,160.82999999999998,
2014-01-24,143.0,,160.81,
2014-01-25,143.0,,160.81,
2014-01-26,143.0,,160.81,
2014-01-27,142.0,,160.79999999999998,
2014-01-28,143.0,,160.81,
2014-01-29,144.0,,160.82,
2014-01-30,145.0,,160.82999999999998,
2014-01-31,146.0,,160.84,
2014-02-01,147.0,,160.85,
2014-02-02,147.0,,160.85,
2014-02-03,146.0,,160.84,
2014-02-04,146.0,,160.84,
2014-02-05,136.0,,160.74,
2014-02-06,127.0,,160.65,
2014-02-07,121.0,,160.59,
2014-02-08,113.0,,160.51,
2014-02-09,113.0,,160.51,
2014-02-10,106.0,,160.44,
2014-02-11,106.0,,160.44,
2014-02-12,105.0,,160.43,
2014-02-13,106.0,,160.44,
2014-02-14,107.0,,160.45,
2014-02-15,108.0,,160.46,
2014-02-16,154.0,,160.92,
2014-02-17,152.0,,160.9,
2014-02-18,152.0,,160.9,
2014-02-19,148.0,,160.86,
2014-02-20,148.0,,160.86,
2014-02-21,148.0,,160.86,
2014-02-22,149.0,,160.87,
2014-02-23,150.0,,160.88,
2014-02-24,149.0,,160.87,
2014-02-25,149.0,,160.87,
2014-02-26,147.0,,160.85,
2014-02-27,147.0,,160.85,
2014-02-28,147.0,,160.85,
2014-03-01,146.0,,160.84,
2014-03-02,145.0,,160.82999999999998,
2014-03-03,143.0,,160.81,
2014-03-04,141.0,,160.79,
2014-03-05,140.0,,160.78,
2014-03-06,140.0,,160.78,
2014-03-07,139.0,,160.76999999999998,
2014-03-08,99.0,,160.37,
2014-03-09,91.0,,160.29,
2014-03-10,91.0,,160.29,
2014-03-11,98.0,,160.36,
2014-03-12,117.0,,160.54999999999998,
2014-03-13,119.0,,160.57,
2014-03-14,123.0,,160.61,
2014-03-15,124.0,,160.62,
2014-03-16,118.0,,160.56,
2014-03-17,109.0,,160.47,
2014-03-18,103.0,,160.41,
2014-03-19,99.0,,160.37,
2014-03-20,97.0,,160.35,
2014-03-21,95.0,,160.32999999999998,
2014-03-22,97.0,,160.35,
2014-03-23,110.0,,160.48,
2014-03-24,113.0,,160.51,
2014-03-25,111.0,,160.49,
2014-03-26,107.0,,160.45,
2014-03-27,104.0,,160.42,
2014-03-28,101.0,,160.39,
2014-03-29,99.0,,160.37,
2014-03-30,96.0,,160.34,
2014-03-31,96.0,,160.34,
2014-04-01,96.0,,160.34,
2014-04-02,95.0,,160.32999999999998,
2014-04-03,94.0,,160.32,
2014-04-04,95.0,,160.32999999999998,
2014-04-05,95.0,,160.32999999999998,
2014-04-06,93.0,,160.31,
2014-04-07,94.0,,160.32,
2014-04-08,94.0,,160.32,
2014-04-09,94.0,,160.32,
2014-04-10,93.0,,160.31,
2014-04-11,92.0,,160.29999999999998,
2014-04-12,92.0,,160.29999999999998,
2014-04-13,91.0,,160.29,
2014-04-14,93.0,,160.31,
2014-04-15,94.0,,160.32,
2014-04-16,97.0,,160.35,
2014-04-17,98.0,,160.36,
2014-04-18,96.0,,160.34,
2014-04-19,94.0,,160.32,
2014-04-20,94.0,,160.32,
2014-04-21,93.0,,160.31,
2014-04-22,92.0,,160.29999999999998,
2014-04-23,92.0,,160.29999999999998,
2014-04-24,92.0,,160.29999999999998,
2014-04-25,93.0,,160.31,
2014-04-26,90.0,,160.28,
2014-04-27,89.0,,160.26999999999998,
2014-04-28,89.0,,160.26999999999998,
2014-04-29,89.0,,160.26999999999998,
2014-04-30,88.0,,160.26,
2014-05-01,88.0,,160.26,
2014-05-02,87.0,,160.25,
2014-05-03,87.0,,160.25,
2014-05-04,87.0,,160.25,
2014-05-05,88.0,,160.26,
2014-05-06,91.0,,160.29,
2014-05-07,92.0,,160.29999999999998,
2014-05-08,91.0,,160.29,
2014-05-09,90.0,,160.28,
2014-05-10,91.0,,160.29,
2014-05-11,92.0,,160.29999999999998,
2014-05-12,92.0,,160.29999999999998,
2014-05-13,92.0,,160.29999999999998,
2014-05-14,92.0,,160.29999999999998,
2014-05-15,91.0,,160.29,
2014-05-16,91.0,,160.29,
2014-05-17,91.0,,160.29,
2014-05-18,91.0,,160.29,
2014-05-19,91.0,,160.29,
2014-05-20,90.0,,160.28,
2014-05-21,90.0,,160.28,
2014-05-22,92.0,,160.29999999999998,
2014-05-23,96.0,,160.34,
2014-05-24,102.0,,160.4,
2014-05-25,103.0,,160.41,
2014-05-26,103.0,,160.41,
2014-05-27,103.0,,160.41,
2014-05-28,105.0,,160.43,
2014-05-29,106.0,,160.44,
2014-05-30,108.0,,160.46,
2014-05-31,109.0,,160.47,
2014-06-01,111.0,,160.49,
2014-06-02,111.0,,160.49,
2014-06-03,111.0,,160.49,
2014-06-04,112.0,,160.5,
2014-06-05,113.0,,160.51,
2014-06-06,113.0,,160.51,
2014-06-07,113.0,,160.51,
2014-06-08,120.0,,160.57999999999998,
2014-06-09,122.0,,160.6,
2014-06-10,125.0,,160.63,
2014-06-11,126.0,,160.64,
2014-06-12,125.0,,160.63,
2014-06-13,125.0,,160.63,
2014-06-14,125.0,,160.63,
2014-06-15,126.0,,160.64,
2014-06-16,126.0,,160.64,
2014-06-17,126.0,,160.64,
2014-06-18,126.0,,160.64,
2014-06-19,127.0,,160.65,
2014-06-20,127.0,,160.65,
2014-06-21,126.0,,160.64,
2014-06-22,127.0,,160.65,
2014-06-23,127.0,,160.65,
2014-06-24,128.0,,160.66,
2014-06-25,128.0,,160.66,
2014-06-26,130.0,,160.68,
2014-06-27,131.0,,160.69,
2014-06-28,134.0,,160.72,
2014-06-29,137.0,,160.75,
2014-06-30,136.0,,160.74,
2014-07-01,131.0,,160.69,
2014-07-02,131.0,,160.69,
2014-07-03,130.0,,160.68,
2014-07-04,130.0,,160.68,
2014-07-05,129.0,,160.67,
2014-07-06,129.0,,160.67,
2014-07-07,129.0,,160.67,
2014-07-08,128.0,,160.66,
2014-07-09,126.0,,160.64,
2014-07-10,126.0,,160.64,
2014-07-11,126.0,,160.64,
2014-07-12,125.0,,160.63,
2014-07-13,124.0,,160.62,
2014-07-14,121.0,,160.59,
2014-07-15,120.0,,160.57999999999998,
2014-07-16,118.0,,160.56,
2014-07-17,116.0,,160.54,
2014-07-18,115.0,,160.53,
2014-07-19,114.0,,160.51999999999998,
2014-07-20,113.0,,160.51,
2014-07-21,123.0,,160.61,
2014-07-22,117.0,,160.54999999999998,
2014-07-23,111.0,,160.49,
2014-07-24,104.0,,160.42,
2014-07-25,104.0,,160.42,
2014-07-26,104.0,,160.42,
2014-07-27,104.0,,160.42,
2014-07-28,102.0,,160.4,
2014-07-29,102.0,,160.4,
2014-07-30,101.0,,160.39,
2014-07-31,98.0,,160.36,
2014-08-01,97.0,,160.35,
2014-08-02,97.0,,160.35,
2014-08-03,97.0,,160.35,
2014-08-04,96.0,,160.34,
2014-08-05,96.0,,160.34,
2014-08-06,94.0,,160.32,
2014-08-07,96.0,,160.34,
2014-08-08,95.0,,160.32999999999998,
2014-08-09,94.0,,160.32,
2014-08-10,92.0,,160.29999999999998,
2014-08-11,92.0,,160.29999999999998,
2014-08-12,91.0,,160.29,
2014-08-13,89.0,,160.26999999999998,
2014-08-14,91.0,,160.29,
2014-08-15,89.0,,160.26999999999998,
2014-08-16,86.0,,160.24,
2014-08-17,86.0,,160.24,
2014-08-18,86.0,,160.24,
2014-08-19,86.0,,160.24,
2014-08-20,91.0,,160.29,
2014-08-21,91.0,,160.29,
2014-08-22,91.0,,160.29,
2014-08-23,90.0,,160.28,
2014-08-24,90.0,,160.28,
2014-08-25,89.0,,160.26999999999998,
2014-08-26,88.0,,160.26,
2014-08-27,88.0,,160.26,
2014-08-28,88.0,,160.26,
2014-08-29,88.0,,160.26,
2014-08-30,88.0,,160.26,
2014-08-31,88.0,,160.26,
2014-09-01,90.0,,160.28,
2014-09-02,89.0,,160.26999999999998,
2014-09-03,87.0,,160.25,
2014-09-04,87.0,,160.25,
2014-09-05,87.0,,160.25,
2014-09-06,87.0,,160.25,
2014-09-07,87.0,,160.25,
2014-09-08,87.0,,160.25,
2014-09-09,87.0,,160.25,
2014-09-10,87.0,,160.25,
2014-09-11,87.0,,160.25,
2014-09-12,87.0,,160.25,
2014-09-13,86.0,,160.24,
2014-09-14,87.0,,160.25,
2014-09-15,87.0,,160.25,
2014-09-16,87.0,,160.25,
2014-09-17,86.0,,160.24,
2014-09-18,87.0,,160.25,
2014-09-19,87.0,,160.25,
2014-09-20,86.0,,160.24,
2014-09-21,85.0,,160.23,
2014-09-22,85.0,,160.23,
2014-09-23,85.0,,160.23,
2014-09-24,86.0,,160.24,
2014-09-25,86.0,,160.24,
2014-09-26,87.0,,160.25,
2014-09-27,87.0,,160.25,
2014-09-28,87.0,,160.25,
2014-09-29,86.0,,160.24,
2014-09-30,85.0,,160.23,
2014-10-01,88.0,,160.26,
2014-10-02,87.0,,160.25,
2014-10-03,86.0,,160.24,
2014-10-04,87.0,,160.25,
2014-10-05,87.0,,160.25,
2014-10-06,87.0,,160.25,
2014-10-07,86.0,,160.24,
2014-10-08,87.0,,160.25,
2014-10-09,87.0,,160.25,
2014-10-10,87.0,,160.25,
2014-10-11,87.0,,160.25,
2014-10-12,87.0,,160.25,
2014-10-13,87.0,,160.25,
2014-10-14,87.0,,160.25,
2014-10-15,87.0,,160.25,
2014-10-16,87.0,,160.25,
2014-10-17,87.0,,160.25,
2014-10-18,87.0,,160.25,
2014-10-19,86.0,,160.24,
2014-10-20,87.0,,160.25,
2014-10-21,90.0,,160.28,
2014-10-22,89.0,,160.26999999999998,
2014-10-23,88.0,,160.26,
2014-10-24,87.0,,160.25,
2014-10-25,87.0,,160.25,
2014-10-26,87.0,,160.25,
2014-10-27,87.0,,160.25,
2014-10-28,87.0,,160.25,
2014-10-29,87.0,,160.25,
2014-10-30,86.0,,160.24,
2014-10-31,86.0,,160.24,
2014-11-01,86.0,,160.24,
2014-11-02,86.0,,160.24,
2014-11-03,86.0,,160.24,
2014-11-04,86.0,,160.24,
2014-11-05,86.0,,160.24,
2014-11-06,86.0,,160.24,
2014-11-07,86.0,,160.24,
2014-11-08,86.0,,160.24,
2014-11-09,86.0,,160.24,
2014-11-10,86.0,,160.24,
2014-11-11,86.0,,160.24,
2014-11-12,86.0,,160.24,
2014-11-13,86.0,,160.24,
2014-11-14,86.0,,160.24,
2014-11-15,86.0,,160.24,
2014-11-16,85.0,,160.23,
2014-11-17,85.0,,160.23,
2014-11-18,84.0,,160.22,
2014-11-19,91.0,,160.29,
2014-11-20,86.0,,160.24,
2014-11-21,147.0,,160.85,
2014-11-22,147.0,,160.85,
2014-11-23,143.0,,160.81,
2014-11-24,137.0,,160.75,
2014-11-25,138.0,,160.76,
2014-11-26,155.0,,160.93,
2014-11-27,171.0,,161.09,
2014-11-28,165.0,,161.03,
2014-11-29,159.0,,160.97,
2014-11-30,151.0,,160.89,
2014-12-01,145.0,,160.82999999999998,
2014-12-02,144.0,,160.82,
2014-12-03,142.0,,160.79999999999998,
2014-12-04,144.0,,160.82,
2014-12-05,137.0,,160.75,
2014-12-06,134.0,,160.72,
2014-12-07,133.0,,160.71,
2014-12-08,133.0,,160.71,
2014-12-09,132.0,,160.7,
2014-12-10,86.0,,160.24,
2014-12-11,85.0,,160.23,
2014-12-12,84.0,,160.22,
2014-12-13,84.0,,160.22,
2014-12-14,82.0,,160.2,
2014-12-15,82.0,,160.2,
2014-12-16,115.0,,160.53,
2014-12-17,124.0,,160.62,
2014-12-18,131.0,,160.69,
2014-12-19,133.0,,160.71,
2014-12-20,133.0,,160.71,
2014-12-21,133.0,,160.71,
2014-12-22,132.0,,160.7,
2014-12-23,131.0,,160.69,
2014-12-24,130.0,,160.68,
2014-12-25,130.0,,160.68,
2014-12-26,130.0,,160.68,
2014-12-27,130.0,,160.68,
2014-12-28,130.0,,160.68,
2014-12-29,206.0,,161.44,
2014-12-30,206.0,,161.44,
2014-12-31,195.0,,161.32999999999998,
2015-01-01,161.0,,160.99,
2015-01-02,131.0,,160.69,
2015-01-03,124.0,,160.62,
2015-01-04,124.0,,160.62,
2015-01-05,122.0,,160.6,
2015-01-06,118.0,,160.56,
2015-01-07,116.0,,160.54,
2015-01-08,113.0,,160.51,
2015-01-09,107.0,,160.45,
2015-01-10,104.0,,160.42,
2015-01-11,85.0,,160.23,
2015-01-12,85.0,,160.23,
2015-01-13,85.0,,160.23,
2015-01-14,85.0,,160.23,
2015-01-15,85.0,,160.23,
2015-01-16,86.0,,160.24,
2015-01-17,138.0,,160.76,
2015-01-18,133.0,,160.71,
2015-01-19,130.0,,160.68,
2015-01-20,130.0,,160.68,
2015-01-21,168.0,,161.06,
2015-01-22,168.0,,161.06,
2015-01-23,168.0,,161.06,
2015-01-24,168.0,,161.06,
2015-01-25,167.0,,161.04999999999998,
2015-01-26,167.0,,161.04999999999998,
2015-01-27,147.0,,160.85,
2015-01-28,133.0,,160.71,
2015-01-29,96.0,,160.34,
2015-01-30,96.0,,160.34,
2015-01-31,96.0,,160.34,
2015-02-01,97.0,,160.35,
2015-02-02,97.0,,160.35,
2015-02-03,97.0,,160.35,
2015-02-04,97.0,,160.35,
2015-02-05,97.0,,160.35,
2015-02-06,97.0,,160.35,
2015-02-07,98.0,,160.36,
2015-02-08,99.0,,160.37,
2015-02-09,98.0,,160.36,
2015-02-10,110.0,,160.48,
2015-02-11,104.0,,160.42,
2015-02-12,100.0,,160.38,
2015-02-13,100.0,,160.38,
2015-02-14,97.0,,160.35,
2015-02-15,100.0,,160.38,
2015-02-16,110.0,,160.48,
2015-02-17,110.0,,160.48,
2015-02-18,118.0,,160.56,
2015-02-19,121.0,,160.59,
2015-02-20,127.0,,160.65,
2015-02-21,130.0,,160.68,
2015-02-22,130.0,,160.68,
2015-02-23,130.0,,160.68,
2015-02-24,130.0,,160.68,
2015-02-25,130.0,,160.68,
2015-02-26,138.0,,160.76,
2015-02-27,138.0,,160.76,
2015-02-28,144.0,,160.82,
2015-03-01,151.0,,160.89,
2015-03-02,150.0,,160.88,
2015-03-03,141.0,,160.79,
2015-03-04,143.0,,160.81,
2015-03-05,137.0,,160.75,
2015-03-06,130.0,,160.68,
2015-03-07,112.0,,160.5,
2015-03-08,119.0,,160.57,
2015-03-09,147.0,,160.85,
2015-03-10,170.0,,161.07999999999998,
2015-03-11,158.0,,160.96,
2015-03-12,141.0,,160.79,
2015-03-13,106.0,,160.44,
2015-03-14,92.0,,160.29999999999998,
2015-03-15,88.0,,160.26,
2015-03-16,87.0,,160.25,
2015-03-17,86.0,,160.24,
2015-03-18,86.0,,160.24,
2015-03-19,85.0,,160.23,
2015-03-20,85.0,,160.23,
2015-03-21,85.0,,160.23,
2015-03-22,84.0,,160.22,
2015-03-23,84.0,,160.22,
2015-03-24,84.0,,160.22,
2015-03-25,83.0,,160.21,
2015-03-26,83.0,,160.21,
2015-03-27,82.0,,160.2,
2015-03-28,81.0,,160.19,
2015-03-29,81.0,,160.19,
2015-03-30,81.0,,160.19,
2015-03-31,80.0,,160.18,
2015-04-01,81.0,,160.19,
2015-04-02,82.0,,160.2,
2015-04-03,83.0,,160.21,
2015-04-04,84.0,,160.22,
2015-04-05,85.0,,160.23,
2015-04-06,86.0,,160.24,
2015-04-07,85.0,,160.23,
2015-04-08,84.0,,160.22,
2015-04-09,84.0,,160.22,
2015-04-10,84.0,,160.22,
2015-04-11,83.0,,160.21,
2015-04-12,82.0,,160.2,
2015-04-13,81.0,,160.19,
2015-04-14,81.0,,160.19,
2015-04-15,81.0,,160.19,
2015-04-16,82.0,,160.2,
2015-04-17,83.0,,160.21,
2015-04-18,81.0,,160.19,
2015-04-19,82.0,,160.2,
2015-04-20,81.0,,160.19,
2015-04-21,81.0,,160.19,
2015-04-22,82.0,,160.2,
2015-04-23,83.0,,160.21,
2015-04-24,83.0,,160.21,
2015-04-25,82.0,,160.2,
2015-04-26,83.0,,160.21,
2015-04-27,82.0,,160.2,
2015-04-28,82.0,,160.2,
2015-04-29,82.0,,160.2,
2015-04-30,83.0,,160.21,
2015-05-01,85.0,,160.23,
2015-05-02,85.0,,160.23,
2015-05-03,87.0,,160.25,
2015-05-04,89.0,,160.26999999999998,
2015-05-05,89.0,,160.26999999999998,
2015-05-06,86.0,,160.24,
2015-05-07,84.0,,160.22,
2015-05-08,82.0,,160.2,
2015-05-09,82.0,,160.2,
2015-05-10,82.0,,160.2,
2015-05-11,83.0,,160.21,
2015-05-12,83.0,,160.21,
2015-05-13,83.0,,160.21,
2015-05-14,83.0,,160.21,
2015-05-15,82.0,,160.2,
2015-05-16,83.0,,160.21,
2015-05-17,84.0,,160.22,
2015-05-18,85.0,,160.23,
2015-05-19,86.0,,160.24,
2015-05-20,87.0,,160.25,
2015-05-21,87.0,,160.25,
2015-05-22,87.0,,160.25,
2015-05-23,87.0,,160.25,
2015-05-24,88.0,,160.26,
2015-05-25,89.0,,160.26999999999998,
2015-05-26,91.0,,160.29,
2015-05-27,92.0,,160.29999999999998,
2015-05-28,95.0,,160.32999999999998,
2015-05-29,99.0,,160.37,
2015-05-30,102.0,,160.4,
2015-05-31,103.0,,160.41,
2015-06-01,103.0,,160.41,
2015-06-02,103.0,,160.41,
2015-06-03,106.0,,160.44,
2015-06-04,107.0,,160.45,
2015-06-05,109.0,,160.47,
2015-06-06,111.0,,160.49,
2015-06-07,112.0,,160.5,
2015-06-08,115.0,,160.53,
2015-06-09,117.0,,160.54999999999998,
2015-06-10,117.0,,160.54999999999998,
2015-06-11,120.0,,160.57999999999998,
2015-06-12,121.0,,160.59,
2015-06-13,122.0,,160.6,
2015-06-14,123.0,,160.61,
2015-06-15,126.0,,160.64,
2015-06-16,130.0,,160.68,
2015-06-17,131.0,,160.69,
2015-06-18,131.0,,160.69,
2015-06-19,131.0,,160.69,
2015-06-20,131.0,,160.69,
2015-06-21,131.0,,160.69,
2015-06-22,132.0,,160.7,
2015-06-23,132.0,,160.7,
2015-06-24,132.0,,160.7,
2015-06-25,132.0,,160.7,
2015-06-26,134.0,,160.72,
2015-06-27,137.0,,160.75,
2015-06-28,141.0,,160.79,
2015-06-29,144.0,,160.82,
2015-06-30,145.0,,160.82999999999998,
2015-07-01,139.0,,160.76999999999998,
2015-07-02,136.0,,160.74,
2015-07-03,134.0,,160.72,
2015-07-04,132.0,,160.7,
2015-07-05,131.0,,160.69,
2015-07-06,130.0,,160.68,
2015-07-07,129.0,,160.67,
2015-07-08,128.0,,160.66,
2015-07-09,125.0,,160.63,
2015-07-10,125.0,,160.63,
2015-07-11,125.0,,160.63,
2015-07-12,124.0,,160.62,
2015-07-13,124.0,,160.62,
2015-07-14,123.0,,160.61,
2015-07-15,120.0,,160.57999999999998,
2015-07-16,120.0,,160.57999999999998,
2015-07-17,119.0,,160.57,
2015-07-18,118.0,,160.56,
2015-07-19,117.0,,160.54999999999998,
2015-07-20,116.0,,160.54,
2015-07-21,116.0,,160.54,
2015-07-22,115.0,,160.53,
2015-07-23,114.0,,160.51999999999998,
2015-07-24,113.0,,160.51,
2015-07-25,113.0,,160.51,
2015-07-26,113.0,,160.51,
2015-07-27,113.0,,160.51,
2015-07-28,112.0,,160.5,
2015-07-29,112.0,,160.5,
2015-07-30,112.0,,160.5,
2015-07-31,109.0,,160.47,
2015-08-01,104.0,,160.42,
2015-08-02,105.0,,160.43,
2015-08-03,106.0,,160.44,
2015-08-04,107.0,,160.45,
2015-08-05,106.0,,160.44,
2015-08-06,105.0,,160.43,
2015-08-07,104.0,,160.42,
2015-08-08,103.0,,160.41,
2015-08-09,102.0,,160.4,
2015-08-10,102.0,,160.4,
2015-08-11,102.0,,160.4,
2015-08-12,102.0,,160.4,
2015-08-13,101.0,,160.39,
2015-08-14,99.0,,160.37,
2015-08-15,97.0,,160.35,
2015-08-16,97.0,,160.35,
2015-08-17,96.0,,160.34,
2015-08-18,96.0,,160.34,
2015-08-19,95.0,,160.32999999999998,
2015-08-20,95.0,,160.32999999999998,
2015-08-21,94.0,,160.32,
2015-08-22,94.0,,160.32,
2015-08-23,94.0,,160.32,
2015-08-24,93.0,,160.31,
2015-08-25,93.0,,160.31,
2015-08-26,93.0,,160.31,
2015-08-27,92.0,,160.29999999999998,
2015-08-28,91.0,,160.29,
2015-08-29,90.0,,160.28,
2015-08-30,89.0,,160.26999999999998,
2015-08-31,89.0,,160.26999999999998,
2015-09-01,89.0,,160.26999999999998,
2015-09-02,89.0,,160.26999999999998,
2015-09-03,89.0,,160.26999999999998,
2015-09-04,90.0,,160.28,
2015-09-05,91.0,,160.29,
2015-09-06,91.0,,160.29,
2015-09-07,91.0,,160.29,
2015-09-08,90.0,,160.28,
2015-09-09,90.0,,160.28,
2015-09-10,89.0,,160.26999999999998,
2015-09-11,87.0,,160.25,
2015-09-12,87.0,,160.25,
2015-09-13,87.0,,160.25,
2015-09-14,87.0,,160.25,
2015-09-15,88.0,,160.26,
2015-09-16,89.0,,160.26999999999998,
2015-09-17,90.0,,160.28,
2015-09-18,89.0,,160.26999999999998,
2015-09-19,88.0,,160.26,
2015-09-20,87.0,,160.25,
2015-09-21,86.0,,160.24,
2015-09-22,84.0,,160.22,
2015-09-23,83.0,,160.21,
2015-09-24,83.0,,160.21,
2015-09-25,83.0,,160.21,
2015-09-26,83.0,,160.21,
2015-09-27,82.0,,160.2,
2015-09-28,83.0,,160.21,
2015-09-29,83.0,,160.21,
2015-09-30,83.0,,160.21,
2015-10-01,83.0,,160.21,
2015-10-02,83.0,,160.21,
2015-10-03,83.0,,160.21,
2015-10-04,83.0,,160.21,
2015-10-05,83.0,,160.21,
2015-10-06,83.0,,160.21,
2015-10-07,82.0,,160.2,
2015-10-08,82.0,,160.2,
2015-10-09,82.0,,160.2,
2015-10-10,81.0,,160.19,
2015-10-11,81.0,,160.19,
2015-10-12,81.0,,160.19,
2015-10-13,81.0,,160.19,
2015-10-14,81.0,,160.19,
2015-10-15,80.0,,160.18,
2015-10-16,80.0,,160.18,
2015-10-17,81.0,,160.19,
2015-10-18,81.0,,160.19,
2015-10-19,82.0,,160.2,
2015-10-20,82.0,,160.2,
2015-10-21,82.0,,160.2,
2015-10-22,82.0,,160.2,
2015-10-23,82.0,,160.2,
2015-10-24,82.0,,160.2,
2015-10-25,82.0,,160.2,
2015-10-26,82.0,,160.2,
2015-10-27,84.0,,160.22,
2015-10-28,84.0,,160.22,
2015-10-29,84.0,,160.22,
2015-10-30,83.0,,160.21,
2015-10-31,82.0,,160.2,
2015-11-01,83.0,,160.21,
2015-11-02,83.0,,160.21,
2015-11-03,83.0,,160.21,
2015-11-04,83.0,,160.21,
2015-11-05,83.0,,160.21,
2015-11-06,83.0,,160.21,
2015-11-07,112.0,,160.5,
2015-11-08,112.0,,160.5,
2015-11-09,112.0,,160.5,
2015-11-10,138.0,,160.76,
2015-11-11,141.0,,160.79,
2015-11-12,142.0,,160.79999999999998,
2015-11-13,141.0,,160.79,
2015-11-14,139.0,,160.76999999999998,
2015-11-15,137.0,,160.75,
2015-11-16,137.0,,160.75,
2015-11-17,137.0,,160.75,
2015-11-18,144.0,,160.82,
2015-11-19,144.0,,160.82,
2015-11-20,144.0,,160.82,
2015-11-21,147.0,,160.85,
2015-11-22,149.0,,160.87,
2015-11-23,149.0,,160.87,
2015-11-24,149.0,,160.87,
2015-11-25,147.0,,160.85,
2015-11-26,144.0,,160.82,
2015-11-27,144.0,,160.82,
2015-11-28,143.0,,160.81,
2015-11-29,143.0,,160.81,
2015-11-30,145.0,,160.82999999999998,
2015-12-01,145.0,,160.82999999999998,
2015-12-02,145.0,,160.82999999999998,
2015-12-03,145.0,,160.82999999999998,
2015-12-04,144.0,,160.82,
2015-12-05,144.0,,160.82,
2015-12-06,144.0,,160.82,
2015-12-07,143.0,,160.81,
2015-12-08,143.0,,160.81,
2015-12-09,142.0,,160.79999999999998,
2015-12-10,142.0,,160.79999999999998,
2015-12-11,141.0,,160.79,
2015-12-12,141.0,,160.79,
2015-12-13,140.0,,160.78,
2015-12-14,140.0,,160.78,
2015-12-15,140.0,,160.78,
2015-12-16,143.0,,160.81,
2015-12-17,143.0,,160.81,
2015-12-18,147.0,,160.85,
2015-12-19,146.0,,160.84,
2015-12-20,145.0,,160.82999999999998,
2015-12-21,144.0,,160.82,
2015-12-22,144.0,,160.82,
2015-12-23,143.0,,160.81,
2015-12-24,143.0,,160.81,
2015-12-25,142.0,,160.79999999999998,
2015-12-26,141.0,,160.79,
2015-12-27,166.0,,161.04,
2015-12-28,191.0,,161.29,
2015-12-29,191.0,,161.29,
2015-12-30,191.0,,161.29,
2015-12-31,191.0,,161.29,
2016-01-01,167.0,,161.04999999999998,
2016-01-02,167.0,,161.04999999999998,
2016-01-03,166.0,,161.04,
2016-01-04,162.0,,161.0,
2016-01-05,156.0,,160.94,
2016-01-06,150.0,,160.88,
2016-01-07,148.0,,160.86,
2016-01-08,146.0,,160.84,
2016-01-09,146.0,,160.84,
2016-01-10,146.0,,160.84,
2016-01-11,145.0,,160.82999999999998,
2016-01-12,144.0,,160.82,
2016-01-13,140.0,,160.78,
2016-01-14,135.0,,160.73,
2016-01-15,132.0,,160.7,
2016-01-16,131.0,,160.69,
2016-01-17,130.0,,160.68,
2016-01-18,130.0,,160.68,
2016-01-19,132.0,,160.7,
2016-01-20,134.0,,160.72,
2016-01-21,135.0,,160.73,
2016-01-22,137.0,,160.75,
2016-01-23,136.0,,160.74,
2016-01-24,140.0,,160.78,
2016-01-25,142.0,,160.79999999999998,
2016-01-26,142.0,,160.79999999999998,
2016-01-27,139.0,,160.76999999999998,
2016-01-28,132.0,,160.7,
2016-01-29,127.0,,160.65,
2016-01-30,123.0,,160.61,
2016-01-31,115.0,,160.53,
2016-02-01,112.0,,160.5,
2016-02-02,109.0,,160.47,
2016-02-03,108.0,,160.46,
2016-02-04,108.0,,160.46,
2016-02-05,108.0,,160.46,
2016-02-06,108.0,,160.46,
2016-02-07,108.0,,160.46,
2016-02-08,107.0,,160.45,
2016-02-09,106.0,,160.44,
2016-02-10,105.0,,160.43,
2016-02-11,106.0,,160.44,
2016-02-12,108.0,,160.46,
2016-02-13,136.0,,160.74,
2016-02-14,141.0,,160.79,
2016-02-15,142.0,,160.79999999999998,
2016-02-16,148.0,,160.86,
2016-02-17,152.0,,160.9,
2016-02-18,150.0,,160.88,
2016-02-19,151.0,,160.89,
2016-02-20,199.0,,161.37,
2016-02-21,201.0,,161.39,
2016-02-22,198.0,,161.36,
2016-02-23,197.0,,161.35,
2016-02-24,195.0,,161.32999999999998,
2016-02-25,194.0,,161.32,
2016-02-26,193.0,,161.31,
2016-02-27,193.0,,161.31,
2016-02-28,193.0,,161.31,
2016-02-29,191.0,,161.29,
2016-03-01,188.0,,161.26,
2016-03-02,151.0,,160.89,
2016-03-03,193.0,,161.31,
2016-03-04,170.0,,161.07999999999998,
2016-03-05,152.0,,160.9,
2016-03-06,152.0,,160.9,
2016-03-07,150.0,,160.88,
2016-03-08,135.0,,160.73,
2016-03-09,132.0,,160.7,
2016-03-10,118.0,,160.56,
2016-03-11,115.0,,160.53,
2016-03-12,112.0,,160.5,
2016-03-13,112.0,,160.5,
2016-03-14,111.0,,160.49,
2016-03-15,109.0,,160.47,
2016-03-16,108.0,,160.46,
2016-03-17,108.0,,160.46,
2016-03-18,112.0,,160.5,
2016-03-19,110.0,,160.48,
2016-03-20,107.0,,160.45,
2016-03-21,105.0,,160.43,
2016-03-22,104.0,,160.42,
2016-03-23,105.0,,160.43,
2016-03-24,103.0,,160.41,
2016-03-25,103.0,,160.41,
2016-03-26,103.0,,160.41,
2016-03-27,102.0,,160.4,
2016-03-28,103.0,,160.41,
2016-03-29,104.0,,160.42,
2016-03-30,106.0,,160.44,
2016-03-31,114.0,,160.51999999999998,
2016-04-01,137.0,,160.75,
2016-04-02,145.0,,160.82999999999998,
2016-04-03,152.0,,160.9,
2016-04-04,170.0,,161.07999999999998,
2016-04-05,171.0,,161.09,
2016-04-06,156.0,,160.94,
2016-04-07,141.0,,160.79,
2016-04-08,134.0,,160.72,
2016-04-09,136.0,,160.74,
2016-04-10,134.0,,160.72,
2016-04-11,124.0,,160.62,
2016-04-12,116.0,,160.54,
2016-04-13,113.0,,160.51,
2016-04-14,123.0,,160.61,
2016-04-15,133.0,,160.71,
2016-04-16,124.0,,160.62,
2016-04-17,134.0,,160.72,
2016-04-18,132.0,,160.7,
2016-04-19,128.0,,160.66,
2016-04-20,118.0,,160.56,
2016-04-21,115.0,,160.53,
2016-04-22,112.0,,160.5,
2016-04-23,114.0,,160.51999999999998,
2016-04-24,112.0,,160.5,
2016-04-25,111.0,,160.49,
2016-04-26,112.0,,160.5,
2016-04-27,115.0,,160.53,
2016-04-28,115.0,,160.53,
2016-04-29,114.0,,160.51999999999998,
2016-04-30,112.0,,160.5,
2016-05-01,112.0,,160.5,
2016-05-02,112.0,,160.5,
2016-05-03,109.0,,160.47,
2016-05-04,109.0,,160.47,
2016-05-05,110.0,,160.48,
2016-05-06,115.0,,160.53,
2016-05-07,111.0,,160.49,
2016-05-08,109.0,,160.47,
2016-05-09,108.0,,160.46,
2016-05-10,107.0,,160.45,
2016-05-11,107.0,,160.45,
2016-05-12,107.0,,160.45,
2016-05-13,107.0,,160.45,
2016-05-14,117.0,,160.54999999999998,
2016-05-15,118.0,,160.56,
2016-05-16,119.0,,160.57,
2016-05-17,120.0,,160.57999999999998,
2016-05-18,123.0,,160.61,
2016-05-19,124.0,,160.62,
2016-05-20,123.0,,160.61,
2016-05-21,118.0,,160.56,
2016-05-22,111.0,,160.49,
2016-05-23,108.0,,160.46,
2016-05-24,111.0,,160.49,
2016-05-25,123.0,,160.61,
2016-05-26,115.0,,160.53,
2016-05-27,113.0,,160.51,
2016-05-28,112.0,,160.5,
2016-05-29,116.0,,160.54,
2016-05-30,119.0,,160.57,
2016-05-31,124.0,,160.62,
2016-06-01,126.0,,160.64,
2016-06-02,132.0,,160.7,
2016-06-03,136.0,,160.74,
2016-06-04,140.0,,160.78,
2016-06-05,143.0,,160.81,
2016-06-06,144.0,,160.82,
2016-06-07,149.0,,160.87,
2016-06-08,164.0,,161.01999999999998,
2016-06-09,169.0,,161.07,
2016-06-10,176.0,,161.14,
2016-06-11,189.0,,161.26999999999998,
2016-06-12,202.0,,161.4,
2016-06-13,200.0,,161.38,
2016-06-14,198.0,,161.36,
2016-06-15,198.0,,161.36,
2016-06-16,201.0,,161.39,
2016-06-17,212.0,,161.5,
2016-06-18,217.0,,161.54999999999998,
2016-06-19,224.0,,161.62,
2016-06-20,225.0,,161.63,
2016-06-21,226.0,,161.64,
2016-06-22,227.0,,161.65,
2016-06-23,227.0,,161.65,
2016-06-24,227.0,,161.65,
2016-06-25,228.0,,161.66,
2016-06-26,229.0,,161.67,
2016-06-27,226.0,,161.64,
2016-06-28,206.0,,161.44,
2016-06-29,180.0,,161.18,
2016-06-30,141.0,,160.79,
2016-07-01,131.0,,160.69,
2016-07-02,130.0,,160.68,
2016-07-03,129.0,,160.67,
2016-07-04,126.0,,160.64,
2016-07-05,126.0,,160.64,
2016-07-06,126.0,,160.64,
2016-07-07,127.0,,160.65,
2016-07-08,130.0,,160.68,
2016-07-09,130.0,,160.68,
2016-07-10,130.0,,160.68,
2016-07-11,131.0,,160.69,
2016-07-12,134.0,,160.72,
2016-07-13,139.0,,160.76999999999998,
2016-07-14,141.0,,160.79,
2016-07-15,142.0,,160.79999999999998,
2016-07-16,143.0,,160.81,
2016-07-17,148.0,,160.86,
2016-07-18,149.0,,160.87,
2016-07-19,150.0,,160.88,
2016-07-20,151.0,,160.89,
2016-07-21,151.0,,160.89,
2016-07-22,152.0,,160.9,
2016-07-23,152.0,,160.9,
2016-07-24,152.0,,160.9,
2016-07-25,152.0,,160.9,
2016-07-26,152.0,,160.9,
2016-07-27,152.0,,160.9,
2016-07-28,147.0,,160.85,
2016-07-29,136.0,,160.74,
2016-07-30,134.0,,160.72,
2016-07-31,130.0,,160.68,
2016-08-01,130.0,,160.68,
2016-08-02,128.0,,160.66,
2016-08-03,128.0,,160.66,
2016-08-04,126.0,,160.64,
2016-08-05,126.0,,160.64,
2016-08-06,126.0,,160.64,
2016-08-07,124.0,,160.62,
2016-08-08,124.0,,160.62,
2016-08-09,124.0,,160.62,
2016-08-10,124.0,,160.62,
2016-08-11,126.0,,160.64,
2016-08-12,126.0,,160.64,
2016-08-13,126.0,,160.64,
2016-08-14,127.0,,160.65,
2016-08-15,136.0,,160.74,
2016-08-16,135.0,,160.73,
2016-08-17,132.0,,160.7,
2016-08-18,129.0,,160.67,
2016-08-19,128.0,,160.66,
2016-08-20,127.0,,160.65,
2016-08-21,126.0,,160.64,
2016-08-22,123.0,,160.61,
2016-08-23,123.0,,160.61,
2016-08-24,123.0,,160.61,
2016-08-25,122.0,,160.6,
2016-08-26,122.0,,160.6,
2016-08-27,149.0,,160.87,
2016-08-28,150.0,,160.88,
2016-08-29,147.0,,160.85,
2016-08-30,147.0,,160.85,
2016-08-31,172.0,,161.1,
2016-09-01,170.0,,161.07999999999998,
2016-09-02,169.0,,161.07,
2016-09-03,166.0,,161.04,
2016-09-04,166.0,,161.04,
2016-09-05,164.0,,161.01999999999998,
2016-09-06,164.0,,161.01999999999998,
2016-09-07,163.0,,161.01,
2016-09-08,161.0,,160.99,
2016-09-09,160.0,,160.98,
2016-09-10,159.0,,160.97,
2016-09-11,158.0,,160.96,
2016-09-12,157.0,,160.95,
2016-09-13,156.0,,160.94,
2016-09-14,154.0,,160.92,
2016-09-15,154.0,,160.92,
2016-09-16,153.0,,160.91,
2016-09-17,153.0,,160.91,
2016-09-18,152.0,,160.9,
2016-09-19,149.0,,160.87,
2016-09-20,128.0,,160.66,
2016-09-21,127.0,,160.65,
2016-09-22,122.0,,160.6,
2016-09-23,123.0,,160.61,
2016-09-24,122.0,,160.6,
2016-09-25,121.0,,160.59,
2016-09-26,119.0,,160.57,
2016-09-27,134.0,,160.72,
2016-09-28,148.0,,160.86,
2016-09-29,95.0,,160.32999999999998,
2016-09-30,88.0,,160.26,
2016-10-01,87.0,,160.25,
2016-10-02,84.0,,160.22,
2016-10-03,83.0,,160.21,
2016-10-04,84.0,,160.22,
2016-10-05,84.0,,160.22,
2016-10-06,84.0,,160.22,
2016-10-07,84.0,,160.22,
2016-10-08,84.0,,160.22,
2016-10-09,83.0,,160.21,
2016-10-10,83.0,,160.21,
2016-10-11,83.0,,160.21,
2016-10-12,84.0,,160.22,
2016-10-13,84.0,,160.22,
2016-10-14,84.0,,160.22,
2016-10-15,84.0,,160.22,
2016-10-16,84.0,,160.22,
2016-10-17,81.0,,160.19,
2016-10-18,81.0,,160.19,
2016-10-19,81.0,,160.19,
2016-10-20,81.0,,160.19,
2016-10-21,81.0,,160.19,
2016-10-22,82.0,,160.2,
2016-10-23,82.0,,160.2,
2016-10-24,82.0,,160.2,
2016-10-25,82.0,,160.2,
2016-10-26,82.0,,160.2,
2016-10-27,82.0,,160.2,
2016-10-28,82.0,,160.2,
2016-10-29,82.0,,160.2,
2016-10-30,82.0,,160.2,
2016-10-31,83.0,,160.21,
2016-11-01,84.0,,160.22,
2016-11-02,83.0,,160.21,
2016-11-03,83.0,,160.21,
2016-11-04,83.0,,160.21,
2016-11-05,83.0,,160.21,
2016-11-06,84.0,,160.22,
2016-11-07,86.0,,160.24,
2016-11-08,94.0,,160.32,
2016-11-09,90.0,,160.28,
2016-11-10,89.0,,160.26999999999998,
2016-11-11,99.0,,160.37,
2016-11-12,98.0,,160.36,
2016-11-13,93.0,,160.31,
2016-11-14,88.0,,160.26,
2016-11-15,89.0,,160.26999999999998,
2016-11-16,89.0,,160.26999999999998,
2016-11-17,89.0,,160.26999999999998,
2016-11-18,88.0,,160.26,
2016-11-19,87.0,,160.25,
2016-11-20,87.0,,160.25,
2016-11-21,83.0,,160.21,
2016-11-22,86.0,,160.24,
2016-11-23,85.0,,160.23,
2016-11-24,85.0,,160.23,
2016-11-25,85.0,,160.23,
2016-11-26,85.0,,160.23,
2016-11-27,84.0,,160.22,
2016-11-28,83.0,,160.21,
2016-11-29,82.0,,160.2,
2016-11-30,82.0,,160.2,
2016-12-01,88.0,,160.26,
2016-12-02,87.0,,160.25,
2016-12-03,86.0,,160.24,
2016-12-04,83.0,,160.21,
2016-12-05,84.0,,160.22,
2016-12-06,94.0,,160.32,
2016-12-07,93.0,,160.31,
2016-12-08,91.0,,160.29,
2016-12-09,118.0,,160.56,
2016-12-10,125.0,,160.63,
2016-12-11,134.0,,160.72,
2016-12-12,173.0,,161.11,
2016-12-13,176.0,,161.14,
2016-12-14,173.0,,161.11,
2016-12-15,167.0,,161.04999999999998,
2016-12-16,162.0,,161.0,
2016-12-17,159.0,,160.97,
2016-12-18,156.0,,160.94,
2016-12-19,151.0,,160.89,
2016-12-20,141.0,,160.79,
2016-12-21,150.0,,160.88,
2016-12-22,148.0,,160.86,
2016-12-23,147.0,,160.85,
2016-12-24,146.0,,160.84,
2016-12-25,145.0,,160.82999999999998,
2016-12-26,144.0,,160.82,
2016-12-27,142.0,,160.79999999999998,
2016-12-28,141.0,,160.79,
2016-12-29,147.0,,160.85,
2016-12-30,147.0,,160.85,
2016-12-31,147.0,,160.85,
2017-01-01,147.0,,160.85,
2017-01-02,147.0,,160.85,
2017-01-03,147.0,,160.85,
2017-01-04,147.0,,160.85,
2017-01-05,148.0,,160.86,
2017-01-06,175.0,,161.13,
2017-01-07,185.0,,161.23,
2017-01-08,215.0,,161.53,
2017-01-09,218.0,,161.56,
2017-01-10,211.0,,161.49,
2017-01-11,198.0,,161.36,
2017-01-12,187.0,,161.25,
2017-01-13,175.0,,161.13,
2017-01-14,152.0,,160.9,
2017-01-15,147.0,,160.85,
2017-01-16,144.0,,160.82,
2017-01-17,144.0,,160.82,
2017-01-18,143.0,,160.81,
2017-01-19,143.0,,160.81,
2017-01-20,143.0,,160.81,
2017-01-21,143.0,,160.81,
2017-01-22,142.0,,160.79999999999998,
2017-01-23,142.0,,160.79999999999998,
2017-01-24,142.0,,160.79999999999998,
2017-01-25,143.0,,160.81,
2017-01-26,152.0,,160.9,
2017-01-27,160.0,,160.98,
2017-01-28,172.0,,161.1,
2017-01-29,180.0,,161.18,
2017-01-30,186.0,,161.24,
2017-01-31,194.0,,161.32,
2017-02-01,192.0,,161.29999999999998,
2017-02-02,169.0,,161.07,
2017-02-03,170.0,,161.07999999999998,
2017-02-04,170.0,,161.07999999999998,
2017-02-05,159.0,,160.97,
2017-02-06,175.0,,161.13,
2017-02-07,183.0,,161.21,
2017-02-08,188.0,,161.26,
2017-02-09,188.0,,161.26,
2017-02-10,177.0,,161.15,
2017-02-11,160.0,,160.98,
2017-02-12,142.0,,160.79999999999998,
2017-02-13,140.0,,160.78,
2017-02-14,140.0,,160.78,
2017-02-15,140.0,,160.78,
2017-02-16,140.0,,160.78,
2017-02-17,139.0,,160.76999999999998,
2017-02-18,139.0,,160.76999999999998,
2017-02-19,139.0,,160.76999999999998,
2017-02-20,139.0,,160.76999999999998,
2017-02-21,139.0,,160.76999999999998,
2017-02-22,139.0,,160.76999999999998,
2017-02-23,139.0,,160.76999999999998,
2017-02-24,140.0,,160.78,
2017-02-25,140.0,,160.78,
2017-02-26,140.0,,160.78,
2017-02-27,141.0,,160.79,
2017-02-28,141.0,,160.79,
2017-03-01,142.0,,160.79999999999998,
2017-03-02,144.0,,160.82,
2017-03-03,148.0,,160.86,
2017-03-04,151.0,,160.89,
2017-03-05,152.0,,160.9,
2017-03-06,156.0,,160.94,
2017-03-07,122.0,,160.6,
2017-03-08,124.0,,160.62,
2017-03-09,124.0,,160.62,
2017-03-10,126.0,,160.64,
2017-03-11,124.0,,160.62,
2017-03-12,125.0,,160.63,
2017-03-13,124.0,,160.62,
2017-03-14,118.0,,160.56,
2017-03-15,115.0,,160.53,
2017-03-16,107.0,,160.45,
2017-03-17,111.0,,160.49,
2017-03-18,111.0,,160.49,
2017-03-19,112.0,,160.5,
2017-03-20,116.0,,160.54,
2017-03-21,125.0,,160.63,
2017-03-22,121.0,,160.59,
2017-03-23,115.0,,160.53,
2017-03-24,113.0,,160.51,
2017-03-25,111.0,,160.49,
2017-03-26,108.0,,160.46,
2017-03-27,108.0,,160.46,
2017-03-28,110.0,,160.48,
2017-03-29,109.0,,160.47,
2017-03-30,105.0,,160.43,
2017-03-31,102.0,,160.4,
2017-04-01,101.0,,160.39,
2017-04-02,101.0,,160.39,
2017-04-03,106.0,,160.44,
2017-04-04,112.0,,160.5,
2017-04-05,109.0,,160.47,
2017-04-06,107.0,,160.45,
2017-04-07,104.0,,160.42,
2017-04-08,103.0,,160.41,
2017-04-09,103.0,,160.41,
2017-04-10,101.0,,160.39,
2017-04-11,101.0,,160.39,
2017-04-12,99.0,,160.37,
2017-04-13,99.0,,160.37,
2017-04-14,98.0,,160.36,
2017-04-15,98.0,,160.36,
2017-04-16,97.0,,160.35,
2017-04-17,99.0,,160.37,
2017-04-18,97.0,,160.35,
2017-04-19,96.0,,160.34,
2017-04-20,97.0,,160.35,
2017-04-21,96.0,,160.34,
2017-04-22,96.0,,160.34,
2017-04-23,96.0,,160.34,
2017-04-24,95.0,,160.32999999999998,
2017-04-25,95.0,,160.32999999999998,
2017-04-26,94.0,,160.32,
2017-04-27,94.0,,160.32,
2017-04-28,93.0,,160.31,
2017-04-29,93.0,,160.31,
2017-04-30,91.0,,160.29,
2017-05-01,90.0,,160.28,
2017-05-02,89.0,,160.26999999999998,
2017-05-03,89.0,,160.26999999999998,
2017-05-04,89.0,,160.26999999999998,
2017-05-05,89.0,,160.26999999999998,
2017-05-06,89.0,,160.26999999999998,
2017-05-07,90.0,,160.28,
2017-05-08,90.0,,160.28,
2017-05-09,92.0,,160.29999999999998,
2017-05-10,95.0,,160.32999999999998,
2017-05-11,94.0,,160.32,
2017-05-12,95.0,,160.32999999999998,
2017-05-13,95.0,,160.32999999999998,
2017-05-14,94.0,,160.32,
2017-05-15,94.0,,160.32,
2017-05-16,95.0,,160.32999999999998,
2017-05-17,114.0,,160.51999999999998,
2017-05-18,137.0,,160.75,
2017-05-19,152.0,,160.9,
2017-05-20,156.0,,160.94,
2017-05-21,156.0,,160.94,
2017-05-22,155.0,,160.93,
2017-05-23,153.0,,160.91,
2017-05-24,153.0,,160.91,
2017-05-25,153.0,,160.91,
2017-05-26,156.0,,160.94,
2017-05-27,158.0,,160.96,
2017-05-28,158.0,,160.96,
2017-05-29,158.0,,160.96,
2017-05-30,162.0,,161.0,
2017-05-31,159.0,,160.97,
2017-06-01,159.0,,160.97,
2017-06-02,160.0,,160.98,
2017-06-03,163.0,,161.01,
2017-06-04,164.0,,161.01999999999998,
2017-06-05,165.0,,161.03,
2017-06-06,165.0,,161.03,
2017-06-07,165.0,,161.03,
2017-06-08,165.0,,161.03,
2017-06-09,160.0,,160.98,
2017-06-10,157.0,,160.95,
2017-06-11,158.0,,160.96,
2017-06-12,158.0,,160.96,
2017-06-13,156.0,,160.94,
2017-06-14,154.0,,160.92,
2017-06-15,154.0,,160.92,
2017-06-16,155.0,,160.93,
2017-06-17,137.0,,160.75,
2017-06-18,132.0,,160.7,
2017-06-19,132.0,,160.7,
2017-06-20,133.0,,160.71,
2017-06-21,134.0,,160.72,
2017-06-22,134.0,,160.72,
2017-06-23,135.0,,160.73,
2017-06-24,137.0,,160.75,
2017-06-25,138.0,,160.76,
2017-06-26,140.0,,160.78,
2017-06-27,140.0,,160.78,
2017-06-28,141.0,,160.79,
2017-06-29,142.0,,160.79999999999998,
2017-06-30,143.0,,160.81,
2017-07-01,130.0,,160.68,
2017-07-02,124.0,,160.62,
2017-07-03,125.0,,160.63,
2017-07-04,126.0,,160.64,
2017-07-05,126.0,,160.64,
2017-07-06,125.0,,160.63,
2017-07-07,124.0,,160.62,
2017-07-08,124.0,,160.62,
2017-07-09,125.0,,160.63,
2017-07-10,125.0,,160.63,
2017-07-11,123.0,,160.61,
2017-07-12,124.0,,160.62,
2017-07-13,126.0,,160.64,
2017-07-14,128.0,,160.66,
2017-07-15,130.0,,160.68,
2017-07-16,126.0,,160.64,
2017-07-17,124.0,,160.62,
2017-07-18,123.0,,160.61,
2017-07-19,123.0,,160.61,
2017-07-20,123.0,,160.61,
2017-07-21,123.0,,160.61,
2017-07-22,123.0,,160.61,
2017-07-23,123.0,,160.61,
2017-07-24,123.0,,160.61,
2017-07-25,123.0,,160.61,
2017-07-26,122.0,,160.6,
2017-07-27,121.0,,160.59,
2017-07-28,121.0,,160.59,
2017-07-29,121.0,,160.59,
2017-07-30,121.0,,160.59,
2017-07-31,121.0,,160.59,
2017-08-01,122.0,,160.6,
2017-08-02,121.0,,160.59,
2017-08-03,121.0,,160.59,
2017-08-04,122.0,,160.6,
2017-08-05,122.0,,160.6,
2017-08-06,123.0,,160.61,
2017-08-07,122.0,,160.6,
2017-08-08,123.0,,160.61,
2017-08-09,124.0,,160.62,
2017-08-10,125.0,,160.63,
2017-08-11,124.0,,160.62,
2017-08-12,124.0,,160.62,
2017-08-13,124.0,,160.62,
2017-08-14,129.0,,160.67,
2017-08-15,130.0,,160.68,
2017-08-16,130.0,,160.68,
2017-08-17,129.0,,160.67,
2017-08-18,129.0,,160.67,
2017-08-19,128.0,,160.66,
2017-08-20,129.0,,160.67,
2017-08-21,129.0,,160.67,
2017-08-22,129.0,,160.67,
2017-08-23,130.0,,160.68,
2017-08-24,137.0,,160.75,
2017-08-25,136.0,,160.74,
2017-08-26,136.0,,160.74,
2017-08-27,135.0,,160.73,
2017-08-28,135.0,,160.73,
2017-08-29,136.0,,160.74,
2017-08-30,136.0,,160.74,
2017-08-31,136.0,,160.74,
2017-09-01,136.0,,160.74,
2017-09-02,137.0,,160.75,
2017-09-03,140.0,,160.78,
2017-09-04,142.0,,160.79999999999998,
2017-09-05,136.0,,160.74,
2017-09-06,138.0,,160.76,
2017-09-07,204.0,,161.42,
2017-09-08,202.0,,161.4,
2017-09-09,199.0,,161.37,
2017-09-10,196.0,,161.34,
2017-09-11,196.0,,161.34,
2017-09-12,192.0,,161.29999999999998,
2017-09-13,192.0,,161.29999999999998,
2017-09-14,191.0,,161.29,
2017-09-15,190.0,,161.28,
2017-09-16,189.0,,161.26999999999998,
2017-09-17,186.0,,161.24,
2017-09-18,185.0,,161.23,
2017-09-19,184.0,,161.22,
2017-09-20,179.0,,161.17,
2017-09-21,134.0,,160.72,
2017-09-22,116.0,,160.54,
2017-09-23,162.0,,161.0,
2017-09-24,170.0,,161.07999999999998,
2017-09-25,169.0,,161.07,
2017-09-26,169.0,,161.07,
2017-09-27,167.0,,161.04999999999998,
2017-09-28,166.0,,161.04,
2017-09-29,165.0,,161.03,
2017-09-30,164.0,,161.01999999999998,
2017-10-01,162.0,,161.0,
2017-10-02,160.0,,160.98,
2017-10-03,159.0,,160.97,
2017-10-04,157.0,,160.95,
2017-10-05,157.0,,160.95,
2017-10-06,157.0,,160.95,
2017-10-07,156.0,,160.94,
2017-10-08,154.0,,160.92,
2017-10-09,154.0,,160.92,
2017-10-10,155.0,,160.93,
2017-10-11,154.0,,160.92,
2017-10-12,153.0,,160.91,
2017-10-13,152.0,,160.9,
2017-10-14,151.0,,160.89,
2017-10-15,150.0,,160.88,
2017-10-16,149.0,,160.87,
2017-10-17,148.0,,160.86,
2017-10-18,147.0,,160.85,
2017-10-19,147.0,,160.85,
2017-10-20,147.0,,160.85,
2017-10-21,146.0,,160.84,
2017-10-22,145.0,,160.82999999999998,
2017-10-23,144.0,,160.82,
2017-10-24,143.0,,160.81,
2017-10-25,142.0,,160.79999999999998,
2017-10-26,141.0,,160.79,
2017-10-27,141.0,,160.79,
2017-10-28,141.0,,160.79,
2017-10-29,141.0,,160.79,
2017-10-30,142.0,,160.79999999999998,
2017-10-31,142.0,,160.79999999999998,
2017-11-01,141.0,,160.79,
2017-11-02,141.0,,160.79,
2017-11-03,139.0,,160.76999999999998,
2017-11-04,139.0,,160.76999999999998,
2017-11-05,139.0,,160.76999999999998,
2017-11-06,139.0,,160.76999999999998,
2017-11-07,139.0,,160.76999999999998,
2017-11-08,139.0,,160.76999999999998,
2017-11-09,138.0,,160.76,
2017-11-10,120.0,,160.57999999999998,
2017-11-11,120.0,,160.57999999999998,
2017-11-12,123.0,,160.61,
2017-11-13,124.0,,160.62,
2017-11-14,126.0,,160.64,
2017-11-15,127.0,,160.65,
2017-11-16,126.0,,160.64,
2017-11-17,124.0,,160.62,
2017-11-18,123.0,,160.61,
2017-11-19,122.0,,160.6,
2017-11-20,123.0,,160.61,
2017-11-21,123.0,,160.61,
2017-11-22,123.0,,160.61,
2017-11-23,122.0,,160.6,
2017-11-24,121.0,,160.59,
2017-11-25,122.0,,160.6,
2017-11-26,120.0,,160.57999999999998,
2017-11-27,121.0,,160.59,
2017-11-28,122.0,,160.6,
2017-11-29,123.0,,160.61,
2017-11-30,123.0,,160.61,
2017-12-01,123.0,,160.61,
2017-12-02,128.0,,160.66,
2017-12-03,125.0,,160.63,
2017-12-04,130.0,,160.68,
2017-12-05,135.0,,160.73,
2017-12-06,130.0,,160.68,
2017-12-07,129.0,,160.67,
2017-12-08,126.0,,160.64,
2017-12-09,127.0,,160.65,
2017-12-10,125.0,,160.63,
2017-12-11,125.0,,160.63,
2017-12-12,126.0,,160.64,
2017-12-13,135.0,,160.73,
2017-12-14,151.0,,160.89,
2017-12-15,164.0,,161.01999999999998,
2017-12-16,174.0,,161.12,
2017-12-17,194.0,,161.32,
2017-12-18,196.0,,161.34,
2017-12-19,165.0,,161.03,
2017-12-20,164.0,,161.01999999999998,
2017-12-21,164.0,,161.01999999999998,
2017-12-22,164.0,,161.01999999999998,
2017-12-23,164.0,,161.01999999999998,
2017-12-24,163.0,,161.01,
2017-12-25,163.0,,161.01,
2017-12-26,165.0,,161.03,
2017-12-27,170.0,,161.07999999999998,
2017-12-28,174.0,,161.12,
2017-12-29,176.0,,161.14,
2017-12-30,176.0,,161.14,
2017-12-31,177.0,,161.15,
2018-01-01,175.0,,161.13,
2018-01-02,175.0,,161.13,
2018-01-03,174.0,,161.12,
2018-01-04,169.0,,161.07,
2018-01-05,166.0,,161.04,
2018-01-06,165.0,,161.03,
2018-01-07,165.0,,161.03,
2018-01-08,165.0,,161.03,
2018-01-09,164.0,,161.01999999999998,
2018-01-10,171.0,,161.09,
2018-01-11,171.0,,161.09,
2018-01-12,161.0,,160.99,
2018-01-13,173.0,,161.11,
2018-01-14,171.0,,161.09,
2018-01-15,166.0,,161.04,
2018-01-16,167.0,,161.04999999999998,
2018-01-17,167.0,,161.04999999999998,
2018-01-18,166.0,,161.04,
2018-01-19,167.0,,161.04999999999998,
2018-01-20,175.0,,161.13,
2018-01-21,178.0,,161.16,
2018-01-22,179.0,,161.17,
2018-01-23,183.0,,161.21,
2018-01-24,176.0,,161.14,
2018-01-25,171.0,,161.09,
2018-01-26,181.0,,161.19,
2018-01-27,173.0,,161.11,
2018-01-28,173.0,,161.11,
2018-01-29,173.0,,161.11,
2018-01-30,173.0,,161.11,
2018-01-31,171.0,,161.09,
2018-02-01,172.0,,161.1,
2018-02-02,169.0,,161.07,
2018-02-03,167.0,,161.04999999999998,
2018-02-04,168.0,,161.06,
2018-02-05,171.0,,161.09,
2018-02-06,189.0,,161.26999999999998,
2018-02-07,192.0,,161.29999999999998,
2018-02-08,190.0,,161.28,
2018-02-09,170.0,,161.07999999999998,
2018-02-10,167.0,,161.04999999999998,
2018-02-11,165.0,,161.03,
2018-02-12,163.0,,161.01,
2018-02-13,165.0,,161.03,
2018-02-14,196.0,,161.34,
2018-02-15,194.0,,161.32,
2018-02-16,190.0,,161.28,
2018-02-17,188.0,,161.26,
2018-02-18,189.0,,161.26999999999998,
2018-02-19,188.0,,161.26,
2018-02-20,186.0,,161.24,
2018-02-21,204.0,,161.42,
2018-02-22,221.0,,161.59,
2018-02-23,200.0,,161.38,
2018-02-24,187.0,,161.25,
2018-02-25,191.0,,161.29,
2018-02-26,181.0,,161.19,
2018-02-27,178.0,,161.16,
2018-02-28,176.0,,161.14,
2018-03-01,144.0,,160.82,
2018-03-02,143.0,,160.81,
2018-03-03,139.0,,160.76999999999998,
2018-03-04,142.0,,160.79999999999998,
2018-03-05,152.0,,160.9,
2018-03-06,151.0,,160.89,
2018-03-07,161.0,,160.99,
2018-03-08,156.0,,160.94,
2018-03-09,152.0,,160.9,
2018-03-10,150.0,,160.88,
2018-03-11,145.0,,160.82999999999998,
2018-03-12,140.0,,160.78,
2018-03-13,139.0,,160.76999999999998,
2018-03-14,146.0,,160.84,
2018-03-15,146.0,,160.84,
2018-03-16,145.0,,160.82999999999998,
2018-03-17,150.0,,160.88,
2018-03-18,152.0,,160.9,
2018-03-19,150.0,,160.88,
2018-03-20,144.0,,160.82,
2018-03-21,144.0,,160.82,
2018-03-22,146.0,,160.84,
2018-03-23,146.0,,160.84,
2018-03-24,145.0,,160.82999999999998,
2018-03-25,143.0,,160.81,
2018-03-26,135.0,,160.73,
2018-03-27,108.0,,160.46,
2018-03-28,106.0,,160.44,
2018-03-29,104.0,,160.42,
2018-03-30,103.0,,160.41,
2018-03-31,105.0,,160.43,
2018-04-01,105.0,,160.43,
2018-04-02,112.0,,160.5,
2018-04-03,126.0,,160.64,
2018-04-04,132.0,,160.7,
2018-04-05,157.0,,160.95,
2018-04-06,208.0,,161.46,
2018-04-07,274.0,,162.12,
2018-04-08,248.0,,161.86,
2018-04-09,197.0,,161.35,
2018-04-10,178.0,,161.16,
2018-04-11,164.0,,161.01999999999998,
2018-04-12,147.0,,160.85,
2018-04-13,133.0,,160.71,
2018-04-14,124.0,,160.62,
2018-04-15,120.0,,160.57999999999998,
2018-04-16,118.0,,160.56,
2018-04-17,117.0,,160.54999999999998,
2018-04-18,120.0,,160.57999999999998,
2018-04-19,148.0,,160.86,
2018-04-20,168.0,,161.06,
2018-04-21,156.0,,160.94,
2018-04-22,137.0,,160.75,
2018-04-23,126.0,,160.64,
2018-04-24,121.0,,160.59,
2018-04-25,118.0,,160.56,
2018-04-26,121.0,,160.59,
2018-04-27,121.0,,160.59,
2018-04-28,119.0,,160.57,
2018-04-29,117.0,,160.54999999999998,
2018-04-30,117.0,,160.54999999999998,
2018-05-01,128.0,,160.66,
2018-05-02,123.0,,160.61,
2018-05-03,118.0,,160.56,
2018-05-04,117.0,,160.54999999999998,
2018-05-05,115.0,,160.53,
2018-05-06,114.0,,160.51999999999998,
2018-05-07,122.0,,160.6,
2018-05-08,118.0,,160.56,
2018-05-09,116.0,,160.54,
2018-05-10,115.0,,160.53,
2018-05-11,115.0,,160.53,
2018-05-12,114.0,,160.51999999999998,
2018-05-13,113.0,,160.51,
2018-05-14,113.0,,160.51,
2018-05-15,119.0,,160.57,
2018-05-16,142.0,,160.79999999999998,
2018-05-17,143.0,,160.81,
2018-05-18,144.0,,160.82,
2018-05-19,146.0,,160.84,
2018-05-20,148.0,,160.86,
2018-05-21,148.0,,160.86,
2018-05-22,150.0,,160.88,
2018-05-23,149.0,,160.87,
2018-05-24,148.0,,160.86,
2018-05-25,149.0,,160.87,
2018-05-26,150.0,,160.88,
2018-05-27,151.0,,160.89,
2018-05-28,151.0,,160.89,
2018-05-29,153.0,,160.91,
2018-05-30,156.0,,160.94,
2018-05-31,158.0,,160.96,
2018-06-01,159.0,,160.97,
2018-06-02,160.0,,160.98,
2018-06-03,162.0,,161.0,
2018-06-04,165.0,,161.03,
2018-06-05,167.0,,161.04999999999998,
2018-06-06,169.0,,161.07,
2018-06-07,170.0,,161.07999999999998,
2018-06-08,170.0,,161.07999999999998,
2018-06-09,171.0,,161.09,
2018-06-10,173.0,,161.11,
2018-06-11,177.0,,161.15,
2018-06-12,175.0,,161.13,
2018-06-13,177.0,,161.15,
2018-06-14,178.0,,161.16,
2018-06-15,177.0,,161.15,
2018-06-16,178.0,,161.16,
2018-06-17,179.0,,161.17,
2018-06-18,181.0,,161.19,
2018-06-19,183.0,,161.21,
2018-06-20,184.0,,161.22,
2018-06-21,185.0,,161.23,
2018-06-22,185.0,,161.23,
2018-06-23,185.0,,161.23,
2018-06-24,185.0,,161.23,
2018-06-25,187.0,,161.25,
2018-06-26,188.0,,161.26,
2018-06-27,188.0,,161.26,
2018-06-28,189.0,,161.26999999999998,
2018-06-29,189.0,,161.26999999999998,
2018-06-30,190.0,,161.28,
2018-07-01,191.0,,161.29,
2018-07-02,191.0,,161.29,
2018-07-03,190.0,,161.28,
2018-07-04,190.0,,161.28,
2018-07-05,191.0,,161.29,
2018-07-06,190.0,,161.28,
2018-07-07,190.0,,161.28,
2018-07-08,191.0,,161.29,
2018-07-09,191.0,,161.29,
2018-07-10,169.0,,161.07,
2018-07-11,162.0,,161.0,
2018-07-12,161.0,,160.99,
2018-07-13,161.0,,160.99,
2018-07-14,161.0,,160.99,
2018-07-15,161.0,,160.99,
2018-07-16,162.0,,161.0,
2018-07-17,162.0,,161.0,
2018-07-18,164.0,,161.01999999999998,
2018-07-19,164.0,,161.01999999999998,
2018-07-20,172.0,,161.1,
2018-07-21,176.0,,161.14,
2018-07-22,170.0,,161.07999999999998,
2018-07-23,166.0,,161.04,
2018-07-24,163.0,,161.01,
2018-07-25,161.0,,160.99,
2018-07-26,160.0,,160.98,
2018-07-27,160.0,,160.98,
2018-07-28,160.0,,160.98,
2018-07-29,159.0,,160.97,
2018-07-30,157.0,,160.95,
2018-07-31,156.0,,160.94,
2018-08-01,156.0,,160.94,
2018-08-02,158.0,,160.96,
2018-08-03,158.0,,160.96,
2018-08-04,159.0,,160.97,
2018-08-05,157.0,,160.95,
2018-08-06,158.0,,160.96,
2018-08-07,158.0,,160.96,
2018-08-08,158.0,,160.96,
2018-08-09,158.0,,160.96,
2018-08-10,158.0,,160.96,
2018-08-11,158.0,,160.96,
2018-08-12,158.0,,160.96,
2018-08-13,159.0,,160.97,
2018-08-14,159.0,,160.97,
2018-08-15,159.0,,160.97,
2018-08-16,160.0,,160.98,
2018-08-17,160.0,,160.98,
2018-08-18,159.0,,160.97,
2018-08-19,159.0,,160.97,
2018-08-20,159.0,,160.97,
2018-08-21,160.0,,160.98,
2018-08-22,160.0,,160.98,
2018-08-23,159.0,,160.97,
2018-08-24,159.0,,160.97,
2018-08-25,158.0,,160.96,
2018-08-26,159.0,,160.97,
2018-08-27,160.0,,160.98,
2018-08-28,159.0,,160.97,
2018-08-29,160.0,,160.98,
2018-08-30,160.0,,160.98,
2018-08-31,159.0,,160.97,
2018-09-01,157.0,,160.95,
2018-09-02,158.0,,160.96,
2018-09-03,158.0,,160.96,
2018-09-04,157.0,,160.95,
2018-09-05,158.0,,160.96,
2018-09-06,156.0,,160.94,
2018-09-07,156.0,,160.94,
2018-09-08,155.0,,160.93,
2018-09-09,154.0,,160.92,
2018-09-10,154.0,,160.92,
2018-09-11,153.0,,160.91,
2018-09-12,152.0,,160.9,
2018-09-13,152.0,,160.9,
2018-09-14,152.0,,160.9,
2018-09-15,151.0,,160.89,
2018-09-16,150.0,,160.88,
2018-09-17,153.0,,160.91,
2018-09-18,151.0,,160.89,
2018-09-19,150.0,,160.88,
2018-09-20,153.0,,160.91,
2018-09-21,152.0,,160.9,
2018-09-22,150.0,,160.88,
2018-09-23,146.0,,160.84,
2018-09-24,146.0,,160.84,
2018-09-25,145.0,,160.82999999999998,
2018-09-26,146.0,,160.84,
2018-09-27,144.0,,160.82,
2018-09-28,141.0,,160.79,
2018-09-29,139.0,,160.76999999999998,
2018-09-30,138.0,,160.76,
2018-10-01,138.0,,160.76,
2018-10-02,137.0,,160.75,
2018-10-03,138.0,,160.76,
2018-10-04,141.0,,160.79,
2018-10-05,140.0,,160.78,
2018-10-06,135.0,,160.73,
2018-10-07,132.0,,160.7,
2018-10-08,133.0,,160.71,
2018-10-09,131.0,,160.69,
2018-10-10,130.0,,160.68,
2018-10-11,130.0,,160.68,
2018-10-12,131.0,,160.69,
2018-10-13,129.0,,160.67,
2018-10-14,127.0,,160.65,
2018-10-15,127.0,,160.65,
2018-10-16,123.0,,160.61,
2018-10-17,124.0,,160.62,
2018-10-18,125.0,,160.63,
2018-10-19,122.0,,160.6,
2018-10-20,120.0,,160.57999999999998,
2018-10-21,118.0,,160.56,
2018-10-22,117.0,,160.54999999999998,
2018-10-23,117.0,,160.54999999999998,
2018-10-24,117.0,,160.54999999999998,
2018-10-25,117.0,,160.54999999999998,
2018-10-26,116.0,,160.54,
2018-10-27,116.0,,160.54,
2018-10-28,115.0,,160.53,
2018-10-29,115.0,,160.53,
2018-10-30,115.0,,160.53,
2018-10-31,115.0,,160.53,
2018-11-01,115.0,,160.53,
2018-11-02,114.0,,160.51999999999998,
2018-11-03,113.0,,160.51,
2018-11-04,112.0,,160.5,
2018-11-05,112.0,,160.5,
2018-11-06,111.0,,160.49,
2018-11-07,111.0,,160.49,
2018-11-08,101.0,,160.39,
2018-11-09,102.0,,160.4,
2018-11-10,107.0,,160.45,
2018-11-11,108.0,,160.46,
2018-11-12,109.0,,160.47,
2018-11-13,110.0,,160.48,
2018-11-14,112.0,,160.5,
2018-11-15,113.0,,160.51,
2018-11-16,113.0,,160.51,
2018-11-17,110.0,,160.48,
2018-11-18,105.0,,160.43,
2018-11-19,106.0,,160.44,
2018-11-20,106.0,,160.44,
2018-11-21,133.0,,160.71,
2018-11-22,134.0,,160.72,
2018-11-23,135.0,,160.73,
2018-11-24,149.0,,160.87,
2018-11-25,149.0,,160.87,
2018-11-26,151.0,,160.89,
2018-11-27,150.0,,160.88,
2018-11-28,151.0,,160.89,
2018-11-29,153.0,,160.91,
2018-11-30,206.0,,161.44,
2018-12-01,201.0,,161.39,
2018-12-02,196.0,,161.34,
2018-12-03,185.0,,161.23,
2018-12-04,135.0,,160.73,
2018-12-05,128.0,,160.66,
2018-12-06,114.0,,160.51999999999998,
2018-12-07,107.0,,160.45,
2018-12-08,108.0,,160.46,
2018-12-09,145.0,,160.82999999999998,
2018-12-10,146.0,,160.84,
2018-12-11,144.0,,160.82,
2018-12-12,145.0,,160.82999999999998,
2018-12-13,145.0,,160.82999999999998,
2018-12-14,145.0,,160.82999999999998,
2018-12-15,145.0,,160.82999999999998,
2018-12-16,145.0,,160.82999999999998,
2018-12-17,148.0,,160.86,
2018-12-18,162.0,,161.0,
2018-12-19,159.0,,160.97,
2018-12-20,156.0,,160.94,
2018-12-21,151.0,,160.89,
2018-12-22,147.0,,160.85,
2018-12-23,147.0,,160.85,
2018-12-24,145.0,,160.82999999999998,
2018-12-25,141.0,,160.79,
2018-12-26,137.0,,160.75,
2018-12-27,127.0,,160.65,
2018-12-28,105.0,,160.43,
2018-12-29,103.0,,160.41,
2018-12-30,101.0,,160.39,
2018-12-31,101.0,,160.39,
2019-01-01,97.0,,160.35,
2019-01-02,99.0,,160.37,
2019-01-03,102.0,,160.4,
2019-01-04,103.0,,160.41,
2019-01-05,103.0,,160.41,
2019-01-06,102.0,,160.4,
2019-01-07,106.0,,160.44,
2019-01-08,125.0,,160.63,
2019-01-09,122.0,,160.6,
2019-01-10,111.0,,160.49,
2019-01-11,111.0,,160.49,
2019-01-12,113.0,,160.51,
2019-01-13,113.0,,160.51,
2019-01-14,112.0,,160.5,
2019-01-15,116.0,,160.54,
2019-01-16,119.0,,160.57,
2019-01-17,119.0,,160.57,
2019-01-18,121.0,,160.59,
2019-01-19,121.0,,160.59,
2019-01-20,120.0,,160.57999999999998,
2019-01-21,122.0,,160.6,
2019-01-22,144.0,,160.82,
2019-01-23,153.0,,160.91,
2019-01-24,162.0,,161.0,
2019-01-25,158.0,,160.96,
2019-01-26,153.0,,160.91,
2019-01-27,152.0,,160.9,
2019-01-28,149.0,,160.87,
2019-01-29,146.0,,160.84,
2019-01-30,142.0,,160.79999999999998,
2019-01-31,138.0,,160.76,
2019-02-01,134.0,,160.72,
2019-02-02,130.0,,160.68,
2019-02-03,128.0,,160.66,
2019-02-04,129.0,,160.67,
2019-02-05,134.0,,160.72,
2019-02-06,137.0,,160.75,
2019-02-07,138.0,,160.76,
2019-02-08,137.0,,160.75,
2019-02-09,137.0,,160.75,
2019-02-10,137.0,,160.75,
2019-02-11,136.0,,160.74,
2019-02-12,137.0,,160.75,
2019-02-13,138.0,,160.76,
2019-02-14,136.0,,160.74,
2019-02-15,137.0,,160.75,
2019-02-16,137.0,,160.75,
2019-02-17,137.0,,160.75,
2019-02-18,138.0,,160.76,
2019-02-19,137.0,,160.75,
2019-02-20,137.0,,160.75,
2019-02-21,138.0,,160.76,
2019-02-22,139.0,,160.76999999999998,
2019-02-23,141.0,,160.79,
2019-02-24,138.0,,160.76,
2019-02-25,138.0,,160.76,
2019-02-26,138.0,,160.76,
2019-02-27,138.0,,160.76,
2019-02-28,138.0,,160.76,
2019-03-01,142.0,,160.79999999999998,
2019-03-02,143.0,,160.81,
2019-03-03,143.0,,160.81,
2019-03-04,144.0,,160.82,
2019-03-05,144.0,,160.82,
2019-03-06,145.0,,160.82999999999998,
2019-03-07,184.0,,161.22,
2019-03-08,187.0,,161.25,
2019-03-09,187.0,,161.25,
2019-03-10,187.0,,161.25,
2019-03-11,188.0,,161.26,
2019-03-12,187.0,,161.25,
2019-03-13,185.0,,161.23,
2019-03-14,184.0,,161.22,
2019-03-15,184.0,,161.22,
2019-03-16,179.0,,161.17,
2019-03-17,148.0,,160.86,
2019-03-18,104.0,,160.42,
2019-03-19,103.0,,160.41,
2019-03-20,108.0,,160.46,
2019-03-21,110.0,,160.48,
2019-03-22,111.0,,160.49,
2019-03-23,111.0,,160.49,
2019-03-24,111.0,,160.49,
2019-03-25,111.0,,160.49,
2019-03-26,112.0,,160.5,
2019-03-27,111.0,,160.49,
2019-03-28,103.0,,160.41,
2019-03-29,101.0,,160.39,
2019-03-30,102.0,,160.4,
2019-03-31,104.0,,160.42,
2019-04-01,111.0,,160.49,
2019-04-02,110.0,,160.48,
2019-04-03,106.0,,160.44,
2019-04-04,102.0,,160.4,
2019-04-05,102.0,,160.4,
2019-04-06,99.0,,160.37,
2019-04-07,97.0,,160.35,
2019-04-08,97.0,,160.35,
2019-04-09,96.0,,160.34,
2019-04-10,98.0,,160.36,
2019-04-11,99.0,,160.37,
2019-04-12,100.0,,160.38,
2019-04-13,99.0,,160.37,
2019-04-14,99.0,,160.37,
2019-04-15,103.0,,160.41,
2019-04-16,106.0,,160.44,
2019-04-17,103.0,,160.41,
2019-04-18,102.0,,160.4,
2019-04-19,100.0,,160.38,
2019-04-20,99.0,,160.37,
2019-04-21,97.0,,160.35,
2019-04-22,96.0,,160.34,
2019-04-23,95.0,,160.32999999999998,
2019-04-24,94.0,,160.32,
2019-04-25,94.0,,160.32,
2019-04-26,94.0,,160.32,
2019-04-27,94.0,,160.32,
2019-04-28,95.0,,160.32999999999998,
2019-04-29,93.0,,160.31,
2019-04-30,93.0,,160.31,
2019-05-01,93.0,,160.31,
2019-05-02,93.0,,160.31,
2019-05-03,93.0,,160.31,
2019-05-04,93.0,,160.31,
2019-05-05,92.0,,160.29999999999998,
2019-05-06,93.0,,160.31,
2019-05-07,93.0,,160.31,
2019-05-08,93.0,,160.31,
2019-05-09,94.0,,160.32,
2019-05-10,96.0,,160.34,
2019-05-11,97.0,,160.35,
2019-05-12,98.0,,160.36,
2019-05-13,100.0,,160.38,
2019-05-14,104.0,,160.42,
2019-05-15,117.0,,160.54999999999998,
2019-05-16,117.0,,160.54999999999998,
2019-05-17,116.0,,160.54,
2019-05-18,116.0,,160.54,
2019-05-19,116.0,,160.54,
2019-05-20,116.0,,160.54,
2019-05-21,117.0,,160.54999999999998,
2019-05-22,137.0,,160.75,
2019-05-23,134.0,,160.72,
2019-05-24,138.0,,160.76,
2019-05-25,141.0,,160.79,
2019-05-26,144.0,,160.82,
2019-05-27,148.0,,160.86,
2019-05-28,150.0,,160.88,
2019-05-29,151.0,,160.89,
2019-05-30,154.0,,160.92,
2019-05-31,156.0,,160.94,
2019-06-01,161.0,,160.99,
2019-06-02,163.0,,161.01,
2019-06-03,165.0,,161.03,
2019-06-04,165.0,,161.03,
2019-06-05,166.0,,161.04,
2019-06-06,167.0,,161.04999999999998,
2019-06-07,169.0,,161.07,
2019-06-08,171.0,,161.09,
2019-06-09,170.0,,161.07999999999998,
2019-06-10,170.0,,161.07999999999998,
2019-06-11,169.0,,161.07,
2019-06-12,167.0,,161.04999999999998,
2019-06-13,166.0,,161.04,
2019-06-14,166.0,,161.04,
2019-06-15,166.0,,161.04,
2019-06-16,166.0,,161.04,
2019-06-17,166.0,,161.04,
2019-06-18,165.0,,161.03,
2019-06-19,164.0,,161.01999999999998,
2019-06-20,163.0,,161.01,
2019-06-21,163.0,,161.01,
2019-06-22,162.0,,161.0,
2019-06-23,161.0,,160.99,
2019-06-24,163.0,,161.01,
2019-06-25,162.0,,161.0,
2019-06-26,162.0,,161.0,
2019-06-27,162.0,,161.0,
2019-06-28,162.0,,161.0,
2019-06-29,162.0,,161.0,
2019-06-30,162.0,,161.0,
2019-07-01,162.0,,161.0,
2019-07-02,159.0,,160.97,
2019-07-03,157.0,,160.95,
2019-07-04,156.0,,160.94,
2019-07-05,156.0,,160.94,
2019-07-06,157.0,,160.95,
2019-07-07,158.0,,160.96,
2019-07-08,158.0,,160.96,
2019-07-09,157.0,,160.95,
2019-07-10,156.0,,160.94,
2019-07-11,156.0,,160.94,
2019-07-12,157.0,,160.95,
2019-07-13,157.0,,160.95,
2019-07-14,158.0,,160.96,
2019-07-15,159.0,,160.97,
2019-07-16,159.0,,160.97,
2019-07-17,160.0,,160.98,
2019-07-18,160.0,,160.98,
2019-07-19,160.0,,160.98,
2019-07-20,160.0,,160.98,
2019-07-21,158.0,,160.96,
2019-07-22,158.0,,160.96,
2019-07-23,157.0,,160.95,
2019-07-24,156.0,,160.94,
2019-07-25,155.0,,160.93,
2019-07-26,154.0,,160.92,
2019-07-27,154.0,,160.92,
2019-07-28,152.0,,160.9,
2019-07-29,152.0,,160.9,
2019-07-30,151.0,,160.89,
2019-07-31,151.0,,160.89,
2019-08-01,152.0,,160.9,
2019-08-02,151.0,,160.89,
2019-08-03,152.0,,160.9,
2019-08-04,151.0,,160.89,
2019-08-05,149.0,,160.87,
2019-08-06,148.0,,160.86,
2019-08-07,147.0,,160.85,
2019-08-08,147.0,,160.85,
2019-08-09,148.0,,160.86,
2019-08-10,148.0,,160.86,
2019-08-11,148.0,,160.86,
2019-08-12,148.0,,160.86,
2019-08-13,146.0,,160.84,
2019-08-14,146.0,,160.84,
2019-08-15,146.0,,160.84,
2019-08-16,147.0,,160.85,
2019-08-17,149.0,,160.87,
2019-08-18,155.0,,160.93,
2019-08-19,152.0,,160.9,
2019-08-20,151.0,,160.89,
2019-08-21,150.0,,160.88,
2019-08-22,149.0,,160.87,
2019-08-23,147.0,,160.85,
2019-08-24,145.0,,160.82999999999998,
2019-08-25,143.0,,160.81,
2019-08-26,143.0,,160.81,
2019-08-27,142.0,,160.79999999999998,
2019-08-28,141.0,,160.79,
2019-08-29,141.0,,160.79,
2019-08-30,140.0,,160.78,
2019-08-31,139.0,,160.76999999999998,
2019-09-01,139.0,,160.76999999999998,
2019-09-02,138.0,,160.76,
2019-09-03,138.0,,160.76,
2019-09-04,137.0,,160.75,
2019-09-05,137.0,,160.75,
2019-09-06,136.0,,160.74,
2019-09-07,135.0,,160.73,
2019-09-08,134.0,,160.72,
2019-09-09,134.0,,160.72,
2019-09-10,132.0,,160.7,
2019-09-11,130.0,,160.68,
2019-09-12,130.0,,160.68,
2019-09-13,130.0,,160.68,
2019-09-14,130.0,,160.68,
2019-09-15,130.0,,160.68,
2019-09-16,130.0,,160.68,
2019-09-17,129.0,,160.67,
2019-09-18,127.0,,160.65,
2019-09-19,125.0,,160.63,
2019-09-20,124.0,,160.62,
2019-09-21,123.0,,160.61,
2019-09-22,122.0,,160.6,
2019-09-23,121.0,,160.59,
2019-09-24,119.0,,160.57,
2019-09-25,117.0,,160.54999999999998,
2019-09-26,116.0,,160.54,
2019-09-27,116.0,,160.54,
2019-09-28,115.0,,160.53,
2019-09-29,115.0,,160.53,
2019-09-30,117.0,,160.54999999999998,
2019-10-01,116.0,,160.54,
2019-10-02,115.0,,160.53,
2019-10-03,114.0,,160.51999999999998,
2019-10-04,113.0,,160.51,
2019-10-05,114.0,,160.51999999999998,
2019-10-06,117.0,,160.54999999999998,
2019-10-07,117.0,,160.54999999999998,
2019-10-08,113.0,,160.51,
2019-10-09,110.0,,160.48,
2019-10-10,108.0,,160.46,
2019-10-11,110.0,,160.48,
2019-10-12,109.0,,160.47,
2019-10-13,108.0,,160.46,
2019-10-14,107.0,,160.45,
2019-10-15,107.0,,160.45,
2019-10-16,107.0,,160.45,
2019-10-17,106.0,,160.44,
2019-10-18,105.0,,160.43,
2019-10-19,103.0,,160.41,
2019-10-20,101.0,,160.39,
2019-10-21,102.0,,160.4,
2019-10-22,102.0,,160.4,
2019-10-23,101.0,,160.39,
2019-10-24,100.0,,160.38,
2019-10-25,99.0,,160.37,
2019-10-26,100.0,,160.38,
2019-10-27,101.0,,160.39,
2019-10-28,101.0,,160.39,
2019-10-29,101.0,,160.39,
2019-10-30,101.0,,160.39,
2019-10-31,100.0,,160.38,
2019-11-01,101.0,,160.39,
2019-11-02,101.0,,160.39,
2019-11-03,100.0,,160.38,
2019-11-04,100.0,,160.38,
2019-11-05,100.0,,160.38,
2019-11-06,100.0,,160.38,
2019-11-07,100.0,,160.38,
2019-11-08,100.0,,160.38,
2019-11-09,100.0,,160.38,
2019-11-10,100.0,,160.38,
2019-11-11,100.0,,160.38,
2019-11-12,100.0,,160.38,
2019-11-13,101.0,,160.39,
2019-11-14,101.0,,160.39,
2019-11-15,101.0,,160.39,
2019-11-16,101.0,,160.39,
2019-11-17,101.0,,160.39,
2019-11-18,101.0,,160.39,
2019-11-19,101.0,,160.39,
2019-11-20,102.0,,160.4,
2019-11-21,100.0,,160.38,
2019-11-22,100.0,,160.38,
2019-11-23,99.0,,160.37,
2019-11-24,100.0,,160.38,
2019-11-25,100.0,,160.38,
2019-11-26,100.0,,160.38,
2019-11-27,100.0,,160.38,
2019-11-28,100.0,,160.38,
2019-11-29,100.0,,160.38,
2019-11-30,103.0,,160.41,
2019-12-01,102.0,,160.4,
2019-12-02,98.0,,160.36,
2019-12-03,98.0,,160.36,
2019-12-04,98.0,,160.36,
2019-12-05,99.0,,160.37,
2019-12-06,99.0,,160.37,
2019-12-07,99.0,,160.37,
2019-12-08,99.0,,160.37,
2019-12-09,100.0,,160.38,
2019-12-10,99.0,,160.37,
2019-12-11,101.0,,160.39,
2019-12-12,101.0,,160.39,
2019-12-13,102.0,,160.4,
2019-12-14,102.0,,160.4,
2019-12-15,102.0,,160.4,
2019-12-16,104.0,,160.42,
2019-12-17,120.0,,160.57999999999998,
2019-12-18,128.0,,160.66,
2019-12-19,125.0,,160.63,
2019-12-20,124.0,,160.62,
2019-12-21,124.0,,160.62,
2019-12-22,124.0,,160.62,
2019-12-23,124.0,,160.62,
2019-12-24,124.0,,160.62,
2019-12-25,124.0,,160.62,
2019-12-26,124.0,,160.62,
2019-12-27,124.0,,160.62,
2019-12-28,124.0,,160.62,
2019-12-29,122.0,,160.6,
2019-12-30,122.0,,160.6,
2019-12-31,126.0,,160.64,
2020-01-01,123.0,,160.61,
2020-01-02,120.0,,160.57999999999998,
2020-01-03,121.0,,160.59,
2020-01-04,122.0,,160.6,
2020-01-05,123.0,,160.61,
2020-01-06,123.0,,160.61,
2020-01-07,123.0,,160.61,
2020-01-08,122.0,,160.6,
2020-01-09,122.0,,160.6,
2020-01-10,123.0,,160.61,
2020-01-11,124.0,,160.62,
2020-01-12,122.0,,160.6,
2020-01-13,125.0,,160.63,
2020-01-14,124.0,,160.62,
2020-01-15,124.0,,160.62,
2020-01-16,124.0,,160.62,
2020-01-17,124.0,,160.62,
2020-01-18,124.0,,160.62,
2020-01-19,124.0,,160.62,
2020-01-20,123.0,,160.61,
2020-01-21,124.0,,160.62,
2020-01-22,124.0,,160.62,
2020-01-23,125.0,,160.63,
2020-01-24,140.0,,160.78,
2020-01-25,125.0,,160.63,
2020-01-26,123.0,,160.61,
2020-01-27,124.0,,160.62,
2020-01-28,124.0,,160.62,
2020-01-29,124.0,,160.62,
2020-01-30,123.0,,160.61,
2020-01-31,124.0,,160.62,
2020-02-01,124.0,,160.62,
2020-02-02,124.0,,160.62,
2020-02-03,128.0,,160.66,
2020-02-04,123.0,,160.61,
2020-02-05,125.0,,160.63,
2020-02-06,136.0,,160.74,
2020-02-07,132.0,,160.7,
2020-02-08,131.0,,160.69,
2020-02-09,136.0,,160.74,
2020-02-10,129.0,,160.67,
2020-02-11,125.0,,160.63,
2020-02-12,123.0,,160.61,
2020-02-13,123.0,,160.61,
2020-02-14,122.0,,160.6,
2020-02-15,122.0,,160.6,
2020-02-16,122.0,,160.6,
2020-02-17,122.0,,160.6,
2020-02-18,124.0,,160.62,
2020-02-19,126.0,,160.64,
2020-02-20,125.0,,160.63,
2020-02-21,124.0,,160.62,
2020-02-22,124.0,,160.62,
2020-02-23,125.0,,160.63,
2020-02-24,124.0,,160.62,
2020-02-25,124.0,,160.62,
2020-02-26,124.0,,160.62,
2020-02-27,126.0,,160.64,
2020-02-28,129.0,,160.67,
2020-02-29,126.0,,160.64,
2020-03-01,125.0,,160.63,
2020-03-02,126.0,,160.64,
2020-03-03,127.0,,160.65,
2020-03-04,128.0,,160.66,
2020-03-05,129.0,,160.67,
2020-03-06,129.0,,160.67,
2020-03-07,129.0,,160.67,
2020-03-08,128.0,,160.66,
2020-03-09,127.0,,160.65,
2020-03-10,127.0,,160.65,
2020-03-11,126.0,,160.64,
2020-03-12,126.0,,160.64,
2020-03-13,126.0,,160.64,
2020-03-14,125.0,,160.63,
2020-03-15,125.0,,160.63,
2020-03-16,124.0,,160.62,
2020-03-17,123.0,,160.61,
2020-03-18,113.0,,160.51,
2020-03-19,113.0,,160.51,
2020-03-20,101.0,,160.39,
2020-03-21,99.0,,160.37,
2020-03-22,96.0,,160.34,
2020-03-23,97.0,,160.35,
2020-03-24,96.0,,160.34,
2020-03-25,96.0,,160.34,
2020-03-26,96.0,,160.34,
2020-03-27,96.0,,160.34,
2020-03-28,97.0,,160.35,
2020-03-29,97.0,,160.35,
2020-03-30,97.0,,160.35,
2020-03-31,97.0,,160.35,
2020-04-01,97.0,,160.35,
2020-04-02,97.0,,160.35,
2020-04-03,97.0,,160.35,
2020-04-04,96.0,,160.34,
2020-04-05,96.0,,160.34,
2020-04-06,96.0,,160.34,
2020-04-07,95.0,,160.32999999999998,
2020-04-08,95.0,,160.32999999999998,
2020-04-09,95.0,,160.32999999999998,
2020-04-10,95.0,,160.32999999999998,
2020-04-11,95.0,,160.32999999999998,
2020-04-12,95.0,,160.32999999999998,
2020-04-13,94.0,,160.32,
2020-04-14,95.0,,160.32999999999998,
2020-04-15,97.0,,160.35,
2020-04-16,97.0,,160.35,
2020-04-17,98.0,,160.36,
2020-04-18,97.0,,160.35,
2020-04-19,97.0,,160.35,
2020-04-20,97.0,,160.35,
2020-04-21,97.0,,160.35,
2020-04-22,96.0,,160.34,
2020-04-23,96.0,,160.34,
2020-04-24,96.0,,160.34,
2020-04-25,96.0,,160.34,
2020-04-26,97.0,,160.35,
2020-04-27,97.0,,160.35,
2020-04-28,97.0,,160.35,
2020-04-29,97.0,,160.35,
2020-04-30,97.0,,160.35,
2020-05-01,96.0,,160.34,
2020-05-02,96.0,,160.34,
2020-05-03,96.0,,160.34,
2020-05-04,96.0,,160.34,
2020-05-05,96.0,,160.34,
2020-05-06,96.0,,160.34,
2020-05-07,97.0,,160.35,
2020-05-08,97.0,,160.35,
2020-05-09,97.0,,160.35,
2020-05-10,99.0,,160.37,
2020-05-11,100.0,,160.38,
2020-05-12,101.0,,160.39,
2020-05-13,100.0,,160.38,
2020-05-14,100.0,,160.38,
2020-05-15,102.0,,160.4,
2020-05-16,103.0,,160.41,
2020-05-17,106.0,,160.44,
2020-05-18,107.0,,160.45,
2020-05-19,108.0,,160.46,
2020-05-20,109.0,,160.47,
2020-05-21,110.0,,160.48,
2020-05-22,110.0,,160.48,
2020-05-23,111.0,,160.49,
2020-05-24,112.0,,160.5,
2020-05-25,113.0,,160.51,
2020-05-26,114.0,,160.51999999999998,
2020-05-27,115.0,,160.53,
2020-05-28,119.0,,160.57,
2020-05-29,119.0,,160.57,
2020-05-30,122.0,,160.6,
2020-05-31,127.0,,160.65,
2020-06-01,131.0,,160.69,
2020-06-02,135.0,,160.73,
2020-06-03,148.0,,160.86,
2020-06-04,224.0,,161.62,
2020-06-05,199.0,,161.37,
2020-06-06,174.0,,161.12,
2020-06-07,162.0,,161.0,
2020-06-08,156.0,,160.94,
2020-06-09,156.0,,160.94,
2020-06-10,154.0,,160.92,
2020-06-11,153.0,,160.91,
2020-06-12,153.0,,160.91,
2020-06-13,159.0,,160.97,
2020-06-14,161.0,,160.99,
2020-06-15,159.0,,160.97,
2020-06-16,159.0,,160.97,
2020-06-17,159.0,,160.97,
2020-06-18,186.0,,161.24,
2020-06-19,189.0,,161.26999999999998,
2020-06-20,190.0,,161.28,
2020-06-21,190.0,,161.28,
2020-06-22,191.0,,161.29,
2020-06-23,199.0,,161.37,
2020-06-24,199.0,,161.37,
2020-06-25,200.0,,161.38,
2020-06-26,199.0,,161.37,
2020-06-27,194.0,,161.32,
2020-06-28,190.0,,161.28,
2020-06-29,190.0,,161.28,
2020-06-30,189.0,,161.26999999999998,
2020-07-01,189.0,,161.26999999999998,
2020-07-02,189.0,,161.26999999999998,
2020-07-03,186.0,,161.24,
2020-07-04,184.0,,161.22,
2020-07-05,185.0,,161.23,
2020-07-06,182.0,,161.2,
2020-07-07,182.0,,161.2,
2020-07-08,178.0,,161.16,
2020-07-09,179.0,,161.17,
2020-07-10,178.0,,161.16,
2020-07-11,176.0,,161.14,
2020-07-12,173.0,,161.11,
2020-07-13,173.0,,161.11,
2020-07-14,174.0,,161.12,
2020-07-15,179.0,,161.17,
2020-07-16,173.0,,161.11,
2020-07-17,170.0,,161.07999999999998,
2020-07-18,169.0,,161.07,
2020-07-19,167.0,,161.04999999999998,
2020-07-20,165.0,,161.03,
2020-07-21,165.0,,161.03,
2020-07-22,164.0,,161.01999999999998,
2020-07-23,162.0,,161.0,
2020-07-24,161.0,,160.99,
2020-07-25,161.0,,160.99,
2020-07-26,159.0,,160.97,
2020-07-27,157.0,,160.95,
2020-07-28,156.0,,160.94,
2020-07-29,155.0,,160.93,
2020-07-30,155.0,,160.93,
2020-07-31,155.0,,160.93,
2020-08-01,155.0,,160.93,
2020-08-02,154.0,,160.92,
2020-08-03,154.0,,160.92,
2020-08-04,154.0,,160.92,
2020-08-05,152.0,,160.9,
2020-08-06,151.0,,160.89,
2020-08-07,149.0,,160.87,
2020-08-08,150.0,,160.88,
2020-08-09,147.0,,160.85,
2020-08-10,148.0,,160.86,
2020-08-11,148.0,,160.86,
2020-08-12,148.0,,160.86,
2020-08-13,147.0,,160.85,
2020-08-14,146.0,,160.84,
2020-08-15,146.0,,160.84,
2020-08-16,146.0,,160.84,
2020-08-17,145.0,,160.82999999999998,
2020-08-18,145.0,,160.82999999999998,
2020-08-19,126.0,,160.64,
2020-08-20,121.0,,160.59,
2020-08-21,120.0,,160.57999999999998,
2020-08-22,120.0,,160.57999999999998,
2020-08-23,119.0,,160.57,
2020-08-24,118.0,,160.56,
2020-08-25,119.0,,160.57,
2020-08-26,119.0,,160.57,
2020-08-27,119.0,,160.57,
2020-08-28,119.0,,160.57,
2020-08-29,119.0,,160.57,
2020-08-30,118.0,,160.56,
2020-08-31,120.0,,160.57999999999998,
2020-09-01,119.0,,160.57,
2020-09-02,119.0,,160.57,
2020-09-03,120.0,,160.57999999999998,
2020-09-04,120.0,,160.57999999999998,
2020-09-05,121.0,,160.59,
2020-09-06,120.0,,160.57999999999998,
2020-09-07,120.0,,160.57999999999998,
2020-09-08,120.0,,160.57999999999998,
2020-09-09,121.0,,160.59,
2020-09-10,121.0,,160.59,
2020-09-11,121.0,,160.59,
2020-09-12,121.0,,160.59,
2020-09-13,120.0,,160.57999999999998,
2020-09-14,122.0,,160.6,
2020-09-15,121.0,,160.59,
2020-09-16,118.0,,160.56,
2020-09-17,118.0,,160.56,
2020-09-18,118.0,,160.56,
2020-09-19,118.0,,160.56,
2020-09-20,117.0,,160.54999999999998,
2020-09-21,118.0,,160.56,
2020-09-22,118.0,,160.56,
2020-09-23,118.0,,160.56,
2020-09-24,119.0,,160.57,
2020-09-25,117.0,,160.54999999999998,
2020-09-26,116.0,,160.54,
2020-09-27,114.0,,160.51999999999998,
2020-09-28,115.0,,160.53,
2020-09-29,114.0,,160.51999999999998,
2020-09-30,113.0,,160.51,
2020-10-01,114.0,,160.51999999999998,
2020-10-02,114.0,,160.51999999999998,
2020-10-03,114.0,,160.51999999999998,
2020-10-04,113.0,,160.51,
2020-10-05,115.0,,160.53,
2020-10-06,113.0,,160.51,
2020-10-07,112.0,,160.5,
2020-10-08,111.0,,160.49,
2020-10-09,113.0,,160.51,
2020-10-10,112.0,,160.5,
2020-10-11,112.0,,160.5,
2020-10-12,112.0,,160.5,
2020-10-13,112.0,,160.5,
2020-10-14,110.0,,160.48,
2020-10-15,111.0,,160.49,
2020-10-16,111.0,,160.49,
2020-10-17,113.0,,160.51,
2020-10-18,114.0,,160.51999999999998,
2020-10-19,113.0,,160.51,
2020-10-20,111.0,,160.49,
2020-10-21,112.0,,160.5,
2020-10-22,113.0,,160.51,
2020-10-23,112.0,,160.5,
2020-10-24,111.0,,160.49,
2020-10-25,112.0,,160.5,
2020-10-26,112.0,,160.5,
2020-10-27,111.0,,160.49,
2020-10-28,111.0,,160.49,
2020-10-29,111.0,,160.49,
2020-10-30,111.0,,160.49,
2020-10-31,110.0,,160.48,
2020-11-01,111.0,,160.49,
2020-11-02,112.0,,160.5,
2020-11-03,111.0,,160.49,
2020-11-04,111.0,,160.49,
2020-11-05,110.0,,160.48,
2020-11-06,110.0,,160.48,
2020-11-07,110.0,,160.48,
2020-11-08,110.0,,160.48,
2020-11-09,110.0,,160.48,
2020-11-10,109.0,,160.47,
2020-11-11,109.0,,160.47,
2020-11-12,109.0,,160.47,
2020-11-13,109.0,,160.47,
2020-11-14,109.0,,160.47,
2020-11-15,109.0,,160.47,
2020-11-16,108.0,,160.46,
2020-11-17,117.0,,160.54999999999998,
2020-11-18,117.0,,160.54999999999998,
2020-11-19,117.0,,160.54999999999998,
2020-11-20,117.0,,160.54999999999998,
2020-11-21,125.0,,160.63,
2020-11-22,127.0,,160.65,
2020-11-23,128.0,,160.66,
2020-11-24,128.0,,160.66,
2020-11-25,128.0,,160.66,
2020-11-26,128.0,,160.66,
2020-11-27,128.0,,160.66,
2020-11-28,128.0,,160.66,
2020-11-29,134.0,,160.72,
2020-11-30,135.0,,160.73,
2020-12-01,135.0,,160.73,
2020-12-02,124.0,,160.62,
2020-12-03,121.0,,160.59,
2020-12-04,128.0,,160.66,
2020-12-05,115.0,,160.53,
2020-12-06,127.0,,160.65,
2020-12-07,126.0,,160.64,
2020-12-08,120.0,,160.57999999999998,
2020-12-09,100.0,,160.38,
2020-12-10,99.0,,160.37,
2020-12-11,97.0,,160.35,
2020-12-12,97.0,,160.35,
2020-12-13,95.0,,160.32999999999998,
2020-12-14,92.0,,160.29999999999998,
2020-12-15,93.0,,160.31,
2020-12-16,100.0,,160.38,
2020-12-17,103.0,,160.41,
2020-12-18,103.0,,160.41,
2020-12-19,103.0,,160.41,
2020-12-20,105.0,,160.43,
2020-12-21,106.0,,160.44,
2020-12-22,105.0,,160.43,
2020-12-23,105.0,,160.43,
2020-12-24,105.0,,160.43,
2020-12-25,114.0,,160.51999999999998,
2020-12-26,114.0,,160.51999999999998,
2020-12-27,106.0,,160.44,
2020-12-28,108.0,,160.46,
2020-12-29,125.0,,160.63,
2020-12-30,107.0,,160.45,
2020-12-31,106.0,,160.44,
